,time,precipitation,location_cluster,year,month,day,week_of_year,day_of_week,day_of_year,quarter,season,month_cos,day_of_week_cos
0,1949-01-31,2.3277031644379678,0,1949,1,31,5,0,31,1,Winter,0.8660254037844387,1.0
1,1949-04-30,8.158669889908907,0,1949,4,30,17,5,120,2,Spring,-0.4999999999999998,-0.2225209339563146
2,1949-07-31,1.8044329252305293,0,1949,7,31,30,6,212,3,Summer,-0.8660254037844388,0.6234898018587334
3,1949-10-31,2.782608754282187,0,1949,10,31,44,0,304,4,Fall,0.5000000000000001,1.0
4,1950-01-31,12.139177901898503,0,1950,1,31,5,1,31,1,Winter,0.8660254037844387,0.6234898018587336
5,1950-04-30,9.57334653666151,0,1950,4,30,17,6,120,2,Spring,-0.4999999999999998,0.6234898018587334
6,1950-07-31,1.5657656208328579,0,1950,7,31,31,0,212,3,Summer,-0.8660254037844388,1.0
7,1950-10-31,5.857136203091598,0,1950,10,31,44,1,304,4,Fall,0.5000000000000001,0.6234898018587336
8,1951-01-31,12.303109852767538,0,1951,1,31,5,2,31,1,Winter,0.8660254037844387,-0.22252093395631434
9,1951-04-30,6.926458356740944,0,1951,4,30,18,0,120,2,Spring,-0.4999999999999998,1.0
10,1951-07-31,1.0808884890070485,0,1951,7,31,31,1,212,3,Summer,-0.8660254037844388,0.6234898018587336
11,1951-10-31,4.516587982521814,0,1951,10,31,44,2,304,4,Fall,0.5000000000000001,-0.22252093395631434
12,1952-01-31,10.270283742444784,0,1952,1,31,5,3,31,1,Winter,0.8660254037844387,-0.900968867902419
13,1952-04-30,5.495545984189867,0,1952,4,30,18,2,121,2,Spring,-0.4999999999999998,-0.22252093395631434
14,1952-07-31,1.7427127015796298,0,1952,7,31,31,3,213,3,Summer,-0.8660254037844388,-0.900968867902419
15,1952-10-31,1.1701701558429205,0,1952,10,31,44,4,305,4,Fall,0.5000000000000001,-0.9009688679024191
16,1953-01-31,12.93430079357709,0,1953,1,31,5,5,31,1,Winter,0.8660254037844387,-0.2225209339563146
17,1953-04-30,6.471626875656928,0,1953,4,30,18,3,120,2,Spring,-0.4999999999999998,-0.900968867902419
18,1953-07-31,2.8454631926692557,0,1953,7,31,31,4,212,3,Summer,-0.8660254037844388,-0.9009688679024191
19,1953-10-31,3.5748393826679608,0,1953,10,31,44,5,304,4,Fall,0.5000000000000001,-0.2225209339563146
20,1954-01-31,13.974159045078014,0,1954,1,31,4,6,31,1,Winter,0.8660254037844387,0.6234898018587334
21,1954-04-30,6.731177443371468,0,1954,4,30,17,4,120,2,Spring,-0.4999999999999998,-0.9009688679024191
22,1954-07-31,2.1827410612776452,0,1954,7,31,30,5,212,3,Summer,-0.8660254037844388,-0.2225209339563146
23,1954-10-31,3.163279830320036,0,1954,10,31,43,6,304,4,Fall,0.5000000000000001,0.6234898018587334
24,1955-01-31,9.038648574285224,0,1955,1,31,5,0,31,1,Winter,0.8660254037844387,1.0
25,1955-04-30,7.4546068709429205,0,1955,4,30,17,5,120,2,Spring,-0.4999999999999998,-0.2225209339563146
26,1955-07-31,1.9739886958785848,0,1955,7,31,30,6,212,3,Summer,-0.8660254037844388,0.6234898018587334
27,1955-10-31,4.1839698276695545,0,1955,10,31,44,0,304,4,Fall,0.5000000000000001,1.0
28,1956-01-31,14.681181755886609,0,1956,1,31,5,1,31,1,Winter,0.8660254037844387,0.6234898018587336
29,1956-04-30,6.821062937148527,0,1956,4,30,18,0,121,2,Spring,-0.4999999999999998,1.0
30,1956-07-31,2.0641210245204444,0,1956,7,31,31,1,213,3,Summer,-0.8660254037844388,0.6234898018587336
31,1956-10-31,5.215009538287786,0,1956,10,31,44,2,305,4,Fall,0.5000000000000001,-0.22252093395631434
32,1957-01-31,6.443818619681103,0,1957,1,31,5,3,31,1,Winter,0.8660254037844387,-0.900968867902419
33,1957-04-30,7.803497926410402,0,1957,4,30,18,1,120,2,Spring,-0.4999999999999998,0.6234898018587336
34,1957-07-31,2.121030288277676,0,1957,7,31,31,2,212,3,Summer,-0.8660254037844388,-0.22252093395631434
35,1957-10-31,2.8024858680298457,0,1957,10,31,44,3,304,4,Fall,0.5000000000000001,-0.900968867902419
36,1958-01-31,10.61530263157586,0,1958,1,31,5,4,31,1,Winter,0.8660254037844387,-0.9009688679024191
37,1958-04-30,7.653102227411418,0,1958,4,30,18,2,120,2,Spring,-0.4999999999999998,-0.22252093395631434
38,1958-07-31,1.4039508699645449,0,1958,7,31,31,3,212,3,Summer,-0.8660254037844388,-0.900968867902419
39,1958-10-31,3.00957473196047,0,1958,10,31,44,4,304,4,Fall,0.5000000000000001,-0.9009688679024191
40,1959-01-31,11.81617223592387,0,1959,1,31,5,5,31,1,Winter,0.8660254037844387,-0.2225209339563146
41,1959-04-30,6.712095852046986,0,1959,4,30,18,3,120,2,Spring,-0.4999999999999998,-0.900968867902419
42,1959-07-31,2.1297920960214674,0,1959,7,31,31,4,212,3,Summer,-0.8660254037844388,-0.9009688679024191
43,1959-10-31,3.9631853265170225,0,1959,10,31,44,5,304,4,Fall,0.5000000000000001,-0.2225209339563146
44,1960-01-31,7.637287475290534,0,1960,1,31,4,6,31,1,Winter,0.8660254037844387,0.6234898018587334
45,1960-04-30,8.21892768152238,0,1960,4,30,17,5,121,2,Spring,-0.4999999999999998,-0.2225209339563146
46,1960-07-31,2.5584310495511176,0,1960,7,31,30,6,213,3,Summer,-0.8660254037844388,0.6234898018587334
47,1960-10-31,3.316276053487832,0,1960,10,31,44,0,305,4,Fall,0.5000000000000001,1.0
48,1961-01-31,10.242098463556266,0,1961,1,31,5,1,31,1,Winter,0.8660254037844387,0.6234898018587336
49,1961-04-30,11.267406174186736,0,1961,4,30,17,6,120,2,Spring,-0.4999999999999998,0.6234898018587334
50,1961-07-31,1.9216824517125837,0,1961,7,31,31,0,212,3,Summer,-0.8660254037844388,1.0
51,1961-10-31,3.378034081921291,0,1961,10,31,44,1,304,4,Fall,0.5000000000000001,0.6234898018587336
52,1962-01-31,8.314933978040862,0,1962,1,31,5,2,31,1,Winter,0.8660254037844387,-0.22252093395631434
53,1962-04-30,6.236482754214309,0,1962,4,30,18,0,120,2,Spring,-0.4999999999999998,1.0
54,1962-07-31,1.747249555134255,0,1962,7,31,31,1,212,3,Summer,-0.8660254037844388,0.6234898018587336
55,1962-10-31,4.142230696302956,0,1962,10,31,44,2,304,4,Fall,0.5000000000000001,-0.22252093395631434
56,1963-01-31,8.214404668037856,0,1963,1,31,5,3,31,1,Winter,0.8660254037844387,-0.900968867902419
57,1963-04-30,7.37631669569493,0,1963,4,30,18,1,120,2,Spring,-0.4999999999999998,0.6234898018587336
58,1963-07-31,2.713298728840253,0,1963,7,31,31,2,212,3,Summer,-0.8660254037844388,-0.22252093395631434
59,1963-10-31,3.5127221688452144,0,1963,10,31,44,3,304,4,Fall,0.5000000000000001,-0.900968867902419
60,1964-01-31,12.370992649052933,0,1964,1,31,5,4,31,1,Winter,0.8660254037844387,-0.9009688679024191
61,1964-04-30,5.191362397292098,0,1964,4,30,18,3,121,2,Spring,-0.4999999999999998,-0.900968867902419
62,1964-07-31,2.3536484400947737,0,1964,7,31,31,4,213,3,Summer,-0.8660254037844388,-0.9009688679024191
63,1964-10-31,2.448875282671028,0,1964,10,31,44,5,305,4,Fall,0.5000000000000001,-0.2225209339563146
64,1965-01-31,13.55069967196138,0,1965,1,31,4,6,31,1,Winter,0.8660254037844387,0.6234898018587334
65,1965-04-30,4.4722619171252065,0,1965,4,30,17,4,120,2,Spring,-0.4999999999999998,-0.9009688679024191
66,1965-07-31,1.310151255628647,0,1965,7,31,30,5,212,3,Summer,-0.8660254037844388,-0.2225209339563146
67,1965-10-31,2.347845035837171,0,1965,10,31,43,6,304,4,Fall,0.5000000000000001,0.6234898018587334
68,1966-01-31,11.343809274324201,0,1966,1,31,5,0,31,1,Winter,0.8660254037844387,1.0
69,1966-04-30,5.963585849820432,0,1966,4,30,17,5,120,2,Spring,-0.4999999999999998,-0.2225209339563146
70,1966-07-31,1.647646536109071,0,1966,7,31,30,6,212,3,Summer,-0.8660254037844388,0.6234898018587334
71,1966-10-31,2.8404820829031316,0,1966,10,31,44,0,304,4,Fall,0.5000000000000001,1.0
72,1967-01-31,13.422004004429132,0,1967,1,31,5,1,31,1,Winter,0.8660254037844387,0.6234898018587336
73,1967-04-30,6.811617122118101,0,1967,4,30,17,6,120,2,Spring,-0.4999999999999998,0.6234898018587334
74,1967-07-31,0.920425349291562,0,1967,7,31,31,0,212,3,Summer,-0.8660254037844388,1.0
75,1967-10-31,4.787618226635433,0,1967,10,31,44,1,304,4,Fall,0.5000000000000001,0.6234898018587336
76,1968-01-31,9.469811140332505,0,1968,1,31,5,2,31,1,Winter,0.8660254037844387,-0.22252093395631434
77,1968-04-30,7.157043600006092,0,1968,4,30,18,1,121,2,Spring,-0.4999999999999998,0.6234898018587336
78,1968-07-31,2.333138035085679,0,1968,7,31,31,2,213,3,Summer,-0.8660254037844388,-0.22252093395631434
79,1968-10-31,5.467533193022323,0,1968,10,31,44,3,305,4,Fall,0.5000000000000001,-0.900968867902419
80,1969-01-31,12.551389630782525,0,1969,1,31,5,4,31,1,Winter,0.8660254037844387,-0.9009688679024191
81,1969-04-30,5.508021576890406,0,1969,4,30,18,2,120,2,Spring,-0.4999999999999998,-0.22252093395631434
82,1969-07-31,1.954508536599844,0,1969,7,31,31,3,212,3,Summer,-0.8660254037844388,-0.900968867902419
83,1969-10-31,3.613950913817761,0,1969,10,31,44,4,304,4,Fall,0.5000000000000001,-0.9009688679024191
84,1970-01-31,10.94169204719576,0,1970,1,31,5,5,31,1,Winter,0.8660254037844387,-0.2225209339563146
85,1970-04-30,5.69910121860595,0,1970,4,30,18,3,120,2,Spring,-0.4999999999999998,-0.900968867902419
86,1970-07-31,1.1857845214679696,0,1970,7,31,31,4,212,3,Summer,-0.8660254037844388,-0.9009688679024191
87,1970-10-31,3.2050662163905588,0,1970,10,31,44,5,304,4,Fall,0.5000000000000001,-0.2225209339563146
88,1971-01-31,13.263298901161338,0,1971,1,31,4,6,31,1,Winter,0.8660254037844387,0.6234898018587334
89,1971-04-30,8.032643026580855,0,1971,4,30,17,4,120,2,Spring,-0.4999999999999998,-0.9009688679024191
90,1971-07-31,2.1825142160698854,0,1971,7,31,30,5,212,3,Summer,-0.8660254037844388,-0.2225209339563146
91,1971-10-31,3.7819471327845,0,1971,10,31,43,6,304,4,Fall,0.5000000000000001,0.6234898018587334
92,1972-01-31,12.36487735289524,0,1972,1,31,5,0,31,1,Winter,0.8660254037844387,1.0
93,1972-04-30,9.760058138664219,0,1972,4,30,17,6,121,2,Spring,-0.4999999999999998,0.6234898018587334
94,1972-07-31,1.7205860443694942,0,1972,7,31,31,0,213,3,Summer,-0.8660254037844388,1.0
95,1972-10-31,2.1194707380343645,0,1972,10,31,44,1,305,4,Fall,0.5000000000000001,0.6234898018587336
96,1973-01-31,10.364433075375644,0,1973,1,31,5,2,31,1,Winter,0.8660254037844387,-0.22252093395631434
97,1973-04-30,4.040009835224124,0,1973,4,30,18,0,120,2,Spring,-0.4999999999999998,1.0
98,1973-07-31,2.018175840458088,0,1973,7,31,31,1,212,3,Summer,-0.8660254037844388,0.6234898018587336
99,1973-10-31,3.315491559277579,0,1973,10,31,44,2,304,4,Fall,0.5000000000000001,-0.22252093395631434
100,1974-01-31,16.129017307912836,0,1974,1,31,5,3,31,1,Winter,0.8660254037844387,-0.900968867902419
101,1974-04-30,9.516824783983175,0,1974,4,30,18,1,120,2,Spring,-0.4999999999999998,0.6234898018587336
102,1974-07-31,2.790066214288199,0,1974,7,31,31,2,212,3,Summer,-0.8660254037844388,-0.22252093395631434
103,1974-10-31,0.8989225101542777,0,1974,10,31,44,3,304,4,Fall,0.5000000000000001,-0.900968867902419
104,1975-01-31,11.292013440020593,0,1975,1,31,5,4,31,1,Winter,0.8660254037844387,-0.9009688679024191
105,1975-04-30,7.18299964233454,0,1975,4,30,18,2,120,2,Spring,-0.4999999999999998,-0.22252093395631434
106,1975-07-31,1.6744234721375266,0,1975,7,31,31,3,212,3,Summer,-0.8660254037844388,-0.900968867902419
107,1975-10-31,5.5379679524436565,0,1975,10,31,44,4,304,4,Fall,0.5000000000000001,-0.9009688679024191
108,1976-01-31,12.307608904786733,0,1976,1,31,5,5,31,1,Winter,0.8660254037844387,-0.2225209339563146
109,1976-04-30,7.085449389708071,0,1976,4,30,18,4,121,2,Spring,-0.4999999999999998,-0.9009688679024191
110,1976-07-31,1.7532608998400672,0,1976,7,31,31,5,213,3,Summer,-0.8660254037844388,-0.2225209339563146
111,1976-10-31,2.3569093028319354,0,1976,10,31,44,6,305,4,Fall,0.5000000000000001,0.6234898018587334
112,1977-01-31,3.312816691979597,0,1977,1,31,5,0,31,1,Winter,0.8660254037844387,1.0
113,1977-04-30,5.692975179911475,0,1977,4,30,17,5,120,2,Spring,-0.4999999999999998,-0.2225209339563146
114,1977-07-31,2.382703243517132,0,1977,7,31,30,6,212,3,Summer,-0.8660254037844388,0.6234898018587334
115,1977-10-31,4.209177763519953,0,1977,10,31,44,0,304,4,Fall,0.5000000000000001,1.0
116,1978-01-31,11.662353693907956,0,1978,1,31,5,1,31,1,Winter,0.8660254037844387,0.6234898018587336
117,1978-04-30,5.640771955456976,0,1978,4,30,17,6,120,2,Spring,-0.4999999999999998,0.6234898018587334
118,1978-07-31,2.2707656305374857,0,1978,7,31,31,0,212,3,Summer,-0.8660254037844388,1.0
119,1978-10-31,3.480973590370303,0,1978,10,31,44,1,304,4,Fall,0.5000000000000001,0.6234898018587336
120,1979-01-31,5.352211812187148,0,1979,1,31,5,2,31,1,Winter,0.8660254037844387,-0.22252093395631434
121,1979-04-30,7.797410977389764,0,1979,4,30,18,0,120,2,Spring,-0.4999999999999998,1.0
122,1979-07-31,1.9536484261168368,0,1979,7,31,31,1,212,3,Summer,-0.8660254037844388,0.6234898018587336
123,1979-10-31,4.049829930240299,0,1979,10,31,44,2,304,4,Fall,0.5000000000000001,-0.22252093395631434
124,1980-01-31,9.747599428135105,0,1980,1,31,5,3,31,1,Winter,0.8660254037844387,-0.900968867902419
125,1980-04-30,7.152338308987122,0,1980,4,30,18,2,121,2,Spring,-0.4999999999999998,-0.22252093395631434
126,1980-07-31,1.878903623032322,0,1980,7,31,31,3,213,3,Summer,-0.8660254037844388,-0.900968867902419
127,1980-10-31,2.079461276477699,0,1980,10,31,44,4,305,4,Fall,0.5000000000000001,-0.9009688679024191
128,1981-01-31,10.009659902420465,0,1981,1,31,5,5,31,1,Winter,0.8660254037844387,-0.2225209339563146
129,1981-04-30,7.057762687647844,0,1981,4,30,18,3,120,2,Spring,-0.4999999999999998,-0.900968867902419
130,1981-07-31,3.02275997595351,0,1981,7,31,31,4,212,3,Summer,-0.8660254037844388,-0.9009688679024191
131,1981-10-31,4.47170139278632,0,1981,10,31,44,5,304,4,Fall,0.5000000000000001,-0.2225209339563146
132,1982-01-31,12.958686417106025,0,1982,1,31,4,6,31,1,Winter,0.8660254037844387,0.6234898018587334
133,1982-04-30,9.360420301975159,0,1982,4,30,17,4,120,2,Spring,-0.4999999999999998,-0.9009688679024191
134,1982-07-31,1.2827221448499786,0,1982,7,31,30,5,212,3,Summer,-0.8660254037844388,-0.2225209339563146
135,1982-10-31,3.966058664333026,0,1982,10,31,43,6,304,4,Fall,0.5000000000000001,0.6234898018587334
136,1983-01-31,11.318582425741848,0,1983,1,31,5,0,31,1,Winter,0.8660254037844387,1.0
137,1983-04-30,9.714479897120667,0,1983,4,30,17,5,120,2,Spring,-0.4999999999999998,-0.2225209339563146
138,1983-07-31,3.3873819176142854,0,1983,7,31,30,6,212,3,Summer,-0.8660254037844388,0.6234898018587334
139,1983-10-31,2.364565257352754,0,1983,10,31,44,0,304,4,Fall,0.5000000000000001,1.0
140,1984-01-31,12.017174124218425,0,1984,1,31,5,1,31,1,Winter,0.8660254037844387,0.6234898018587336
141,1984-04-30,7.7737489395023545,0,1984,4,30,18,0,121,2,Spring,-0.4999999999999998,1.0
142,1984-07-31,3.2178261400290213,0,1984,7,31,31,1,213,3,Summer,-0.8660254037844388,0.6234898018587336
143,1984-10-31,3.8496125445495197,0,1984,10,31,44,2,305,4,Fall,0.5000000000000001,-0.22252093395631434
144,1985-01-31,8.141049295034971,0,1985,1,31,5,3,31,1,Winter,0.8660254037844387,-0.900968867902419
145,1985-04-30,5.309711869874115,0,1985,4,30,18,1,120,2,Spring,-0.4999999999999998,0.6234898018587336
146,1985-07-31,1.7390737551766218,0,1985,7,31,31,2,212,3,Summer,-0.8660254037844388,-0.22252093395631434
147,1985-10-31,4.279669262691346,0,1985,10,31,44,3,304,4,Fall,0.5000000000000001,-0.900968867902419
148,1986-01-31,7.392712791229551,0,1986,1,31,5,4,31,1,Winter,0.8660254037844387,-0.9009688679024191
149,1986-04-30,7.973698237951814,0,1986,4,30,18,2,120,2,Spring,-0.4999999999999998,-0.22252093395631434
150,1986-07-31,2.463998150025514,0,1986,7,31,31,3,212,3,Summer,-0.8660254037844388,-0.900968867902419
151,1986-10-31,2.936937672704712,0,1986,10,31,44,4,304,4,Fall,0.5000000000000001,-0.9009688679024191
152,1987-01-31,9.344811114178713,0,1987,1,31,5,5,31,1,Winter,0.8660254037844387,-0.2225209339563146
153,1987-04-30,6.503224344983966,0,1987,4,30,18,3,120,2,Spring,-0.4999999999999998,-0.900968867902419
154,1987-07-31,1.9723535288470342,0,1987,7,31,31,4,212,3,Summer,-0.8660254037844388,-0.9009688679024191
155,1987-10-31,0.5035727875634661,0,1987,10,31,44,5,304,4,Fall,0.5000000000000001,-0.2225209339563146
156,1988-01-31,9.414905649586977,0,1988,1,31,4,6,31,1,Winter,0.8660254037844387,0.6234898018587334
157,1988-04-30,5.825623289835482,0,1988,4,30,17,5,121,2,Spring,-0.4999999999999998,-0.2225209339563146
158,1988-07-31,2.8913138495332125,0,1988,7,31,30,6,213,3,Summer,-0.8660254037844388,0.6234898018587334
159,1988-10-31,2.008043510525968,0,1988,10,31,44,0,305,4,Fall,0.5000000000000001,1.0
160,1989-01-31,10.536503017617,0,1989,1,31,5,1,31,1,Winter,0.8660254037844387,0.6234898018587336
161,1989-04-30,6.695222390838728,0,1989,4,30,17,6,120,2,Spring,-0.4999999999999998,0.6234898018587334
162,1989-07-31,1.9166162841191026,0,1989,7,31,31,0,212,3,Summer,-0.8660254037844388,1.0
163,1989-10-31,2.684905537802353,0,1989,10,31,44,1,304,4,Fall,0.5000000000000001,0.6234898018587336
164,1990-01-31,9.645293146598599,0,1990,1,31,5,2,31,1,Winter,0.8660254037844387,-0.22252093395631434
165,1990-04-30,6.804035277188581,0,1990,4,30,18,0,120,2,Spring,-0.4999999999999998,1.0
166,1990-07-31,2.5961720696673334,0,1990,7,31,31,1,212,3,Summer,-0.8660254037844388,0.6234898018587336
167,1990-10-31,3.762533151714698,0,1990,10,31,44,2,304,4,Fall,0.5000000000000001,-0.22252093395631434
168,1991-01-31,9.396871610489342,0,1991,1,31,5,3,31,1,Winter,0.8660254037844387,-0.900968867902419
169,1991-04-30,8.0756034579694,0,1991,4,30,18,1,120,2,Spring,-0.4999999999999998,0.6234898018587336
170,1991-07-31,2.04604917761706,0,1991,7,31,31,2,212,3,Summer,-0.8660254037844388,-0.22252093395631434
171,1991-10-31,2.149007594257255,0,1991,10,31,44,3,304,4,Fall,0.5000000000000001,-0.900968867902419
172,1992-01-31,10.51908337102608,0,1992,1,31,5,4,31,1,Winter,0.8660254037844387,-0.9009688679024191
173,1992-04-30,5.567777884335477,0,1992,4,30,18,3,121,2,Spring,-0.4999999999999998,-0.900968867902419
174,1992-07-31,1.1056143819299897,0,1992,7,31,31,4,213,3,Summer,-0.8660254037844388,-0.9009688679024191
175,1992-10-31,2.724536909082718,0,1992,10,31,44,5,305,4,Fall,0.5000000000000001,-0.2225209339563146
176,1993-01-31,8.582164603884426,0,1993,1,31,4,6,31,1,Winter,0.8660254037844387,0.6234898018587334
177,1993-04-30,6.799677691237776,0,1993,4,30,17,4,120,2,Spring,-0.4999999999999998,-0.9009688679024191
178,1993-07-31,3.7026560106636897,0,1993,7,31,30,5,212,3,Summer,-0.8660254037844388,-0.2225209339563146
179,1993-10-31,1.2107183625115283,0,1993,10,31,43,6,304,4,Fall,0.5000000000000001,0.6234898018587334
180,1994-01-31,7.205680633362362,0,1994,1,31,5,0,31,1,Winter,0.8660254037844387,1.0
181,1994-04-30,6.784846216517364,0,1994,4,30,17,5,120,2,Spring,-0.4999999999999998,-0.2225209339563146
182,1994-07-31,1.9970605248293094,0,1994,7,31,30,6,212,3,Summer,-0.8660254037844388,0.6234898018587334
183,1994-10-31,3.183988713654769,0,1994,10,31,44,0,304,4,Fall,0.5000000000000001,1.0
184,1995-01-31,13.043193397467594,0,1995,1,31,5,1,31,1,Winter,0.8660254037844387,0.6234898018587336
185,1949-01-31,1.0816075263284786,2,1949,1,31,5,0,31,1,Winter,0.8660254037844387,1.0
186,1949-04-30,3.2155294773872947,2,1949,4,30,17,5,120,2,Spring,-0.4999999999999998,-0.2225209339563146
187,1949-07-31,0.821052644942041,2,1949,7,31,30,6,212,3,Summer,-0.8660254037844388,0.6234898018587334
188,1949-10-31,1.6268879024778626,2,1949,10,31,44,0,304,4,Fall,0.5000000000000001,1.0
189,1950-01-31,4.6970967651692215,2,1950,1,31,5,1,31,1,Winter,0.8660254037844387,0.6234898018587336
190,1950-04-30,3.8204761178980102,2,1950,4,30,17,6,120,2,Spring,-0.4999999999999998,0.6234898018587334
191,1950-07-31,1.4949943072064535,2,1950,7,31,31,0,212,3,Summer,-0.8660254037844388,1.0
192,1950-10-31,2.7247998203274535,2,1950,10,31,44,1,304,4,Fall,0.5000000000000001,0.6234898018587336
193,1951-01-31,5.020938301254362,2,1951,1,31,5,2,31,1,Winter,0.8660254037844387,-0.22252093395631434
194,1951-04-30,2.6905825374948686,2,1951,4,30,18,0,120,2,Spring,-0.4999999999999998,1.0
195,1951-07-31,1.2868421243192538,2,1951,7,31,31,1,212,3,Summer,-0.8660254037844388,0.6234898018587336
196,1951-10-31,2.716976592398208,2,1951,10,31,44,2,304,4,Fall,0.5000000000000001,-0.22252093395631434
197,1952-01-31,3.964616768496874,2,1952,1,31,5,3,31,1,Winter,0.8660254037844387,-0.900968867902419
198,1952-04-30,1.7664766389789464,2,1952,4,30,18,2,121,2,Spring,-0.4999999999999998,-0.22252093395631434
199,1952-07-31,1.4577660417936538,2,1952,7,31,31,3,213,3,Summer,-0.8660254037844388,-0.900968867902419
200,1952-10-31,0.549270604927843,2,1952,10,31,44,4,305,4,Fall,0.5000000000000001,-0.9009688679024191
201,1953-01-31,4.747926289319046,2,1953,1,31,5,5,31,1,Winter,0.8660254037844387,-0.2225209339563146
202,1953-04-30,2.487507433603539,2,1953,4,30,18,3,120,2,Spring,-0.4999999999999998,-0.900968867902419
203,1953-07-31,1.755778059786403,2,1953,7,31,31,4,212,3,Summer,-0.8660254037844388,-0.9009688679024191
204,1953-10-31,1.5077374396734877,2,1953,10,31,44,5,304,4,Fall,0.5000000000000001,-0.2225209339563146
205,1954-01-31,5.025228925707838,2,1954,1,31,4,6,31,1,Winter,0.8660254037844387,0.6234898018587334
206,1954-04-30,2.350473127491433,2,1954,4,30,17,4,120,2,Spring,-0.4999999999999998,-0.9009688679024191
207,1954-07-31,1.5829519707511353,2,1954,7,31,30,5,212,3,Summer,-0.8660254037844388,-0.2225209339563146
208,1954-10-31,1.698984586437674,2,1954,10,31,43,6,304,4,Fall,0.5000000000000001,0.6234898018587334
209,1955-01-31,3.2787328935281566,2,1955,1,31,5,0,31,1,Winter,0.8660254037844387,1.0
210,1955-04-30,3.0622561219561955,2,1955,4,30,17,5,120,2,Spring,-0.4999999999999998,-0.2225209339563146
211,1955-07-31,1.759410787222468,2,1955,7,31,30,6,212,3,Summer,-0.8660254037844388,0.6234898018587334
212,1955-10-31,2.147482871791898,2,1955,10,31,44,0,304,4,Fall,0.5000000000000001,1.0
213,1956-01-31,5.49377869681436,2,1956,1,31,5,1,31,1,Winter,0.8660254037844387,0.6234898018587336
214,1956-04-30,2.200029274692748,2,1956,4,30,18,0,121,2,Spring,-0.4999999999999998,1.0
215,1956-07-31,1.5103118104361493,2,1956,7,31,31,1,213,3,Summer,-0.8660254037844388,0.6234898018587336
216,1956-10-31,2.4136728118546733,2,1956,10,31,44,2,305,4,Fall,0.5000000000000001,-0.22252093395631434
217,1957-01-31,2.6301487856960133,2,1957,1,31,5,3,31,1,Winter,0.8660254037844387,-0.900968867902419
218,1957-04-30,2.956697272934297,2,1957,4,30,18,1,120,2,Spring,-0.4999999999999998,0.6234898018587336
219,1957-07-31,1.8765160532016094,2,1957,7,31,31,2,212,3,Summer,-0.8660254037844388,-0.22252093395631434
220,1957-10-31,1.451458833062088,2,1957,10,31,44,3,304,4,Fall,0.5000000000000001,-0.900968867902419
221,1958-01-31,3.703275235040535,2,1958,1,31,5,4,31,1,Winter,0.8660254037844387,-0.9009688679024191
222,1958-04-30,3.522205857752802,2,1958,4,30,18,2,120,2,Spring,-0.4999999999999998,-0.22252093395631434
223,1958-07-31,1.3005864026709044,2,1958,7,31,31,3,212,3,Summer,-0.8660254037844388,-0.900968867902419
224,1958-10-31,1.570294653734691,2,1958,10,31,44,4,304,4,Fall,0.5000000000000001,-0.9009688679024191
225,1959-01-31,5.857994954666502,2,1959,1,31,5,5,31,1,Winter,0.8660254037844387,-0.2225209339563146
226,1959-04-30,2.5932289022613055,2,1959,4,30,18,3,120,2,Spring,-0.4999999999999998,-0.900968867902419
227,1959-07-31,1.3703232494180753,2,1959,7,31,31,4,212,3,Summer,-0.8660254037844388,-0.9009688679024191
228,1959-10-31,3.020308981978844,2,1959,10,31,44,5,304,4,Fall,0.5000000000000001,-0.2225209339563146
229,1960-01-31,3.598927401708443,2,1960,1,31,4,6,31,1,Winter,0.8660254037844387,0.6234898018587334
230,1960-04-30,2.995438644832425,2,1960,4,30,17,5,121,2,Spring,-0.4999999999999998,-0.2225209339563146
231,1960-07-31,1.43137874715222,2,1960,7,31,30,6,213,3,Summer,-0.8660254037844388,0.6234898018587334
232,1960-10-31,1.7759296645834461,2,1960,10,31,44,0,305,4,Fall,0.5000000000000001,1.0
233,1961-01-31,3.9597397587481606,2,1961,1,31,5,1,31,1,Winter,0.8660254037844387,0.6234898018587336
234,1961-04-30,4.103459567745838,2,1961,4,30,17,6,120,2,Spring,-0.4999999999999998,0.6234898018587334
235,1961-07-31,1.6441218865965013,2,1961,7,31,31,0,212,3,Summer,-0.8660254037844388,1.0
236,1961-10-31,1.636598999720723,2,1961,10,31,44,1,304,4,Fall,0.5000000000000001,0.6234898018587336
237,1962-01-31,3.4879720273014216,2,1962,1,31,5,2,31,1,Winter,0.8660254037844387,-0.22252093395631434
238,1962-04-30,2.2170757340517344,2,1962,4,30,18,0,120,2,Spring,-0.4999999999999998,1.0
239,1962-07-31,1.2750715334042992,2,1962,7,31,31,1,212,3,Summer,-0.8660254037844388,0.6234898018587336
240,1962-10-31,2.0113987783438927,2,1962,10,31,44,2,304,4,Fall,0.5000000000000001,-0.22252093395631434
241,1963-01-31,3.3958524583990193,2,1963,1,31,5,3,31,1,Winter,0.8660254037844387,-0.900968867902419
242,1963-04-30,2.9607185635733346,2,1963,4,30,18,1,120,2,Spring,-0.4999999999999998,0.6234898018587336
243,1963-07-31,1.4051773647907737,2,1963,7,31,31,2,212,3,Summer,-0.8660254037844388,-0.22252093395631434
244,1963-10-31,1.5606836663149894,2,1963,10,31,44,3,304,4,Fall,0.5000000000000001,-0.900968867902419
245,1964-01-31,4.877088180052658,2,1964,1,31,5,4,31,1,Winter,0.8660254037844387,-0.9009688679024191
246,1964-04-30,2.0452193307891835,2,1964,4,30,18,3,121,2,Spring,-0.4999999999999998,-0.900968867902419
247,1964-07-31,1.4864702793381666,2,1964,7,31,31,4,213,3,Summer,-0.8660254037844388,-0.9009688679024191
248,1964-10-31,1.6162900697009412,2,1964,10,31,44,5,305,4,Fall,0.5000000000000001,-0.2225209339563146
249,1965-01-31,5.092949171055074,2,1965,1,31,4,6,31,1,Winter,0.8660254037844387,0.6234898018587334
250,1965-04-30,2.0508722977416447,2,1965,4,30,17,4,120,2,Spring,-0.4999999999999998,-0.9009688679024191
251,1965-07-31,1.1884296510743673,2,1965,7,31,30,5,212,3,Summer,-0.8660254037844388,-0.2225209339563146
252,1965-10-31,1.2988415572981966,2,1965,10,31,43,6,304,4,Fall,0.5000000000000001,0.6234898018587334
253,1966-01-31,3.959882787477813,2,1966,1,31,5,0,31,1,Winter,0.8660254037844387,1.0
254,1966-04-30,1.8504583425169985,2,1966,4,30,17,5,120,2,Spring,-0.4999999999999998,-0.2225209339563146
255,1966-07-31,1.4445080342095182,2,1966,7,31,30,6,212,3,Summer,-0.8660254037844388,0.6234898018587334
256,1966-10-31,1.3885726808640655,2,1966,10,31,44,0,304,4,Fall,0.5000000000000001,1.0
257,1967-01-31,5.345995517708659,2,1967,1,31,5,1,31,1,Winter,0.8660254037844387,0.6234898018587336
258,1967-04-30,2.655839786357574,2,1967,4,30,17,6,120,2,Spring,-0.4999999999999998,0.6234898018587334
259,1967-07-31,1.162986288355446,2,1967,7,31,31,0,212,3,Summer,-0.8660254037844388,1.0
260,1967-10-31,2.2050343607541696,2,1967,10,31,44,1,304,4,Fall,0.5000000000000001,0.6234898018587336
261,1968-01-31,3.7906322216932624,2,1968,1,31,5,2,31,1,Winter,0.8660254037844387,-0.22252093395631434
262,1968-04-30,2.5352924391856058,2,1968,4,30,18,1,121,2,Spring,-0.4999999999999998,0.6234898018587336
263,1968-07-31,1.4657179878979871,2,1968,7,31,31,2,213,3,Summer,-0.8660254037844388,-0.22252093395631434
264,1968-10-31,2.570823837736583,2,1968,10,31,44,3,305,4,Fall,0.5000000000000001,-0.900968867902419
265,1969-01-31,5.063057860398977,2,1969,1,31,5,4,31,1,Winter,0.8660254037844387,-0.9009688679024191
266,1969-04-30,2.3661738998432313,2,1969,4,30,18,2,120,2,Spring,-0.4999999999999998,-0.22252093395631434
267,1969-07-31,1.2140303402925998,2,1969,7,31,31,3,212,3,Summer,-0.8660254037844388,-0.900968867902419
268,1969-10-31,1.4024027739065428,2,1969,10,31,44,4,304,4,Fall,0.5000000000000001,-0.9009688679024191
269,1970-01-31,3.9540618468977478,2,1970,1,31,5,5,31,1,Winter,0.8660254037844387,-0.2225209339563146
270,1970-04-30,2.2309728346496276,2,1970,4,30,18,3,120,2,Spring,-0.4999999999999998,-0.900968867902419
271,1970-07-31,0.9927202688042049,2,1970,7,31,31,4,212,3,Summer,-0.8660254037844388,-0.9009688679024191
272,1970-10-31,1.485068672996236,2,1970,10,31,44,5,304,4,Fall,0.5000000000000001,-0.2225209339563146
273,1971-01-31,4.796338755189861,2,1971,1,31,4,6,31,1,Winter,0.8660254037844387,0.6234898018587334
274,1971-04-30,2.876301051829603,2,1971,4,30,17,4,120,2,Spring,-0.4999999999999998,-0.9009688679024191
275,1971-07-31,1.703818681850194,2,1971,7,31,30,5,212,3,Summer,-0.8660254037844388,-0.2225209339563146
276,1971-10-31,1.7033753187269893,2,1971,10,31,43,6,304,4,Fall,0.5000000000000001,0.6234898018587334
277,1972-01-31,4.63292341515554,2,1972,1,31,5,0,31,1,Winter,0.8660254037844387,1.0
278,1972-04-30,3.757426964868492,2,1972,4,30,17,6,121,2,Spring,-0.4999999999999998,0.6234898018587334
279,1972-07-31,1.9928204015609159,2,1972,7,31,31,0,213,3,Summer,-0.8660254037844388,1.0
280,1972-10-31,1.4694222249048048,2,1972,10,31,44,1,305,4,Fall,0.5000000000000001,0.6234898018587336
281,1973-01-31,3.7159897644505397,2,1973,1,31,5,2,31,1,Winter,0.8660254037844387,-0.22252093395631434
282,1973-04-30,1.345416936004509,2,1973,4,30,18,0,120,2,Spring,-0.4999999999999998,1.0
283,1973-07-31,0.8566933782159583,2,1973,7,31,31,1,212,3,Summer,-0.8660254037844388,0.6234898018587336
284,1973-10-31,1.784353583316943,2,1973,10,31,44,2,304,4,Fall,0.5000000000000001,-0.22252093395631434
285,1974-01-31,7.031364538623723,2,1974,1,31,5,3,31,1,Winter,0.8660254037844387,-0.900968867902419
286,1974-04-30,3.313497986843879,2,1974,4,30,18,1,120,2,Spring,-0.4999999999999998,0.6234898018587336
287,1974-07-31,1.4399599763799193,2,1974,7,31,31,2,212,3,Summer,-0.8660254037844388,-0.22252093395631434
288,1974-10-31,0.38443936612158675,2,1974,10,31,44,3,304,4,Fall,0.5000000000000001,-0.900968867902419
289,1975-01-31,5.108009245023942,2,1975,1,31,5,4,31,1,Winter,0.8660254037844387,-0.9009688679024191
290,1975-04-30,2.818968115682867,2,1975,4,30,18,2,120,2,Spring,-0.4999999999999998,-0.22252093395631434
291,1975-07-31,1.3778604352292636,2,1975,7,31,31,3,212,3,Summer,-0.8660254037844388,-0.900968867902419
292,1975-10-31,2.414631048692667,2,1975,10,31,44,4,304,4,Fall,0.5000000000000001,-0.9009688679024191
293,1976-01-31,4.882522967037717,2,1976,1,31,5,5,31,1,Winter,0.8660254037844387,-0.2225209339563146
294,1976-04-30,2.62154975425757,2,1976,4,30,18,4,121,2,Spring,-0.4999999999999998,-0.9009688679024191
295,1976-07-31,1.374771191331492,2,1976,7,31,31,5,213,3,Summer,-0.8660254037844388,-0.2225209339563146
296,1976-10-31,1.494379319231403,2,1976,10,31,44,6,305,4,Fall,0.5000000000000001,0.6234898018587334
297,1977-01-31,1.6105120444395398,2,1977,1,31,5,0,31,1,Winter,0.8660254037844387,1.0
298,1977-04-30,1.7903164085926018,2,1977,4,30,17,5,120,2,Spring,-0.4999999999999998,-0.2225209339563146
299,1977-07-31,1.3268449885271985,2,1977,7,31,30,6,212,3,Summer,-0.8660254037844388,0.6234898018587334
300,1977-10-31,1.782050945462544,2,1977,10,31,44,0,304,4,Fall,0.5000000000000001,1.0
301,1978-01-31,5.034325028175075,2,1978,1,31,5,1,31,1,Winter,0.8660254037844387,0.6234898018587336
302,1978-04-30,2.5080278405885523,2,1978,4,30,17,6,120,2,Spring,-0.4999999999999998,0.6234898018587334
303,1978-07-31,1.7292620445456723,2,1978,7,31,31,0,212,3,Summer,-0.8660254037844388,1.0
304,1978-10-31,1.7639302372425214,2,1978,10,31,44,1,304,4,Fall,0.5000000000000001,0.6234898018587336
305,1979-01-31,2.3750000395652258,2,1979,1,31,5,2,31,1,Winter,0.8660254037844387,-0.22252093395631434
306,1979-04-30,2.9148285479732583,2,1979,4,30,18,0,120,2,Spring,-0.4999999999999998,1.0
307,1979-07-31,1.102803223858027,2,1979,7,31,31,1,212,3,Summer,-0.8660254037844388,0.6234898018587336
308,1979-10-31,1.8403175299778343,2,1979,10,31,44,2,304,4,Fall,0.5000000000000001,-0.22252093395631434
309,1980-01-31,3.7954520144131147,2,1980,1,31,5,3,31,1,Winter,0.8660254037844387,-0.900968867902419
310,1980-04-30,2.9891082350709284,2,1980,4,30,18,2,121,2,Spring,-0.4999999999999998,-0.22252093395631434
311,1980-07-31,2.0318650252972166,2,1980,7,31,31,3,213,3,Summer,-0.8660254037844388,-0.900968867902419
312,1980-10-31,1.3708667277392572,2,1980,10,31,44,4,305,4,Fall,0.5000000000000001,-0.9009688679024191
313,1981-01-31,4.12538622616997,2,1981,1,31,5,5,31,1,Winter,0.8660254037844387,-0.2225209339563146
314,1981-04-30,3.0084861536955847,2,1981,4,30,18,3,120,2,Spring,-0.4999999999999998,-0.900968867902419
315,1981-07-31,2.409353586563785,2,1981,7,31,31,4,212,3,Summer,-0.8660254037844388,-0.9009688679024191
316,1981-10-31,1.8845824063979344,2,1981,10,31,44,5,304,4,Fall,0.5000000000000001,-0.2225209339563146
317,1982-01-31,4.672425703550487,2,1982,1,31,4,6,31,1,Winter,0.8660254037844387,0.6234898018587334
318,1982-04-30,3.39572743470943,2,1982,4,30,17,4,120,2,Spring,-0.4999999999999998,-0.9009688679024191
319,1982-07-31,1.609939961070813,2,1982,7,31,30,5,212,3,Summer,-0.8660254037844388,-0.2225209339563146
320,1982-10-31,2.0914760086295416,2,1982,10,31,43,6,304,4,Fall,0.5000000000000001,0.6234898018587334
321,1983-01-31,4.842262664579656,2,1983,1,31,5,0,31,1,Winter,0.8660254037844387,1.0
322,1983-04-30,3.5666765806616003,2,1983,4,30,17,5,120,2,Spring,-0.4999999999999998,-0.2225209339563146
323,1983-07-31,2.1428061057696253,2,1983,7,31,30,6,212,3,Summer,-0.8660254037844388,0.6234898018587334
324,1983-10-31,1.564173366486583,2,1983,10,31,44,0,304,4,Fall,0.5000000000000001,1.0
325,1984-01-31,5.056579040970815,2,1984,1,31,5,1,31,1,Winter,0.8660254037844387,0.6234898018587336
326,1984-04-30,2.821900635483887,2,1984,4,30,18,0,121,2,Spring,-0.4999999999999998,1.0
327,1984-07-31,2.2231550788798837,2,1984,7,31,31,1,213,3,Summer,-0.8660254037844388,0.6234898018587336
328,1984-10-31,1.563644189356658,2,1984,10,31,44,2,305,4,Fall,0.5000000000000001,-0.22252093395631434
329,1985-01-31,3.4007866741989226,2,1985,1,31,5,3,31,1,Winter,0.8660254037844387,-0.900968867902419
330,1985-04-30,1.954775316210046,2,1985,4,30,18,1,120,2,Spring,-0.4999999999999998,0.6234898018587336
331,1985-07-31,1.0640589421107784,2,1985,7,31,31,2,212,3,Summer,-0.8660254037844388,-0.22252093395631434
332,1985-10-31,2.500014345414161,2,1985,10,31,44,3,304,4,Fall,0.5000000000000001,-0.900968867902419
333,1986-01-31,3.1359268237337963,2,1986,1,31,5,4,31,1,Winter,0.8660254037844387,-0.9009688679024191
334,1986-04-30,2.8119308517784285,2,1986,4,30,18,2,120,2,Spring,-0.4999999999999998,-0.22252093395631434
335,1986-07-31,1.3178632989966947,2,1986,7,31,31,3,212,3,Summer,-0.8660254037844388,-0.900968867902419
336,1986-10-31,1.4595394998445714,2,1986,10,31,44,4,304,4,Fall,0.5000000000000001,-0.9009688679024191
337,1987-01-31,3.512299830505296,2,1987,1,31,5,5,31,1,Winter,0.8660254037844387,-0.2225209339563146
338,1987-04-30,2.457066858536495,2,1987,4,30,18,3,120,2,Spring,-0.4999999999999998,-0.900968867902419
339,1987-07-31,1.7931779460860011,2,1987,7,31,31,4,212,3,Summer,-0.8660254037844388,-0.9009688679024191
340,1987-10-31,0.3998998928883324,2,1987,10,31,44,5,304,4,Fall,0.5000000000000001,-0.2225209339563146
341,1988-01-31,3.547525802714584,2,1988,1,31,4,6,31,1,Winter,0.8660254037844387,0.6234898018587334
342,1988-04-30,2.761155018299731,2,1988,4,30,17,5,121,2,Spring,-0.4999999999999998,-0.2225209339563146
343,1988-07-31,1.470137325073944,2,1988,7,31,30,6,213,3,Summer,-0.8660254037844388,0.6234898018587334
344,1988-10-31,1.3663186767006408,2,1988,10,31,44,0,305,4,Fall,0.5000000000000001,1.0
345,1989-01-31,4.143664259826914,2,1989,1,31,5,1,31,1,Winter,0.8660254037844387,0.6234898018587336
346,1989-04-30,2.7990686493561703,2,1989,4,30,17,6,120,2,Spring,-0.4999999999999998,0.6234898018587334
347,1989-07-31,1.36839247081595,2,1989,7,31,31,0,212,3,Summer,-0.8660254037844388,1.0
348,1989-10-31,1.6097111283030012,2,1989,10,31,44,1,304,4,Fall,0.5000000000000001,0.6234898018587336
349,1990-01-31,4.290045841687595,2,1990,1,31,5,2,31,1,Winter,0.8660254037844387,-0.22252093395631434
350,1990-04-30,2.4188350560248235,2,1990,4,30,18,0,120,2,Spring,-0.4999999999999998,1.0
351,1990-07-31,2.3924342483842587,2,1990,7,31,31,1,212,3,Summer,-0.8660254037844388,0.6234898018587336
352,1990-10-31,2.2090532448338833,2,1990,10,31,44,2,304,4,Fall,0.5000000000000001,-0.22252093395631434
353,1991-01-31,4.665417690827454,2,1991,1,31,5,3,31,1,Winter,0.8660254037844387,-0.900968867902419
354,1991-04-30,2.9299083863693993,2,1991,4,30,18,1,120,2,Spring,-0.4999999999999998,0.6234898018587336
355,1991-07-31,2.02191079051172,2,1991,7,31,31,2,212,3,Summer,-0.8660254037844388,-0.22252093395631434
356,1991-10-31,0.8369708402035438,2,1991,10,31,44,3,304,4,Fall,0.5000000000000001,-0.900968867902419
357,1992-01-31,4.338529829872512,2,1992,1,31,5,4,31,1,Winter,0.8660254037844387,-0.9009688679024191
358,1992-04-30,1.9522076336961043,2,1992,4,30,18,3,121,2,Spring,-0.4999999999999998,-0.900968867902419
359,1992-07-31,1.8233838993565816,2,1992,7,31,31,4,213,3,Summer,-0.8660254037844388,-0.9009688679024191
360,1992-10-31,1.1654319431978006,2,1992,10,31,44,5,305,4,Fall,0.5000000000000001,-0.2225209339563146
361,1993-01-31,3.789159098052946,2,1993,1,31,4,6,31,1,Winter,0.8660254037844387,0.6234898018587334
362,1993-04-30,2.2739947185136207,2,1993,4,30,17,4,120,2,Spring,-0.4999999999999998,-0.9009688679024191
363,1993-07-31,2.466118472020911,2,1993,7,31,30,5,212,3,Summer,-0.8660254037844388,-0.2225209339563146
364,1993-10-31,0.9378289613090626,2,1993,10,31,43,6,304,4,Fall,0.5000000000000001,0.6234898018587334
365,1994-01-31,2.864144782926802,2,1994,1,31,5,0,31,1,Winter,0.8660254037844387,1.0
366,1994-04-30,2.5180071395106443,2,1994,4,30,17,5,120,2,Spring,-0.4999999999999998,-0.2225209339563146
367,1994-07-31,1.322153912519384,2,1994,7,31,30,6,212,3,Summer,-0.8660254037844388,0.6234898018587334
368,1994-10-31,1.7162757709535006,2,1994,10,31,44,0,304,4,Fall,0.5000000000000001,1.0
369,1995-01-31,5.224978520289848,2,1995,1,31,5,1,31,1,Winter,0.8660254037844387,0.6234898018587336
370,1949-01-31,0.48728613565735956,1,1949,1,31,5,0,31,1,Winter,0.8660254037844387,1.0
371,1949-04-30,1.1592774229869236,1,1949,4,30,17,5,120,2,Spring,-0.4999999999999998,-0.2225209339563146
372,1949-07-31,0.7538379064760602,1,1949,7,31,30,6,212,3,Summer,-0.8660254037844388,0.6234898018587334
373,1949-10-31,0.37698604967655097,1,1949,10,31,44,0,304,4,Fall,0.5000000000000001,1.0
374,1950-01-31,1.7687064178010037,1,1950,1,31,5,1,31,1,Winter,0.8660254037844387,0.6234898018587336
375,1950-04-30,1.3198085943026885,1,1950,4,30,17,6,120,2,Spring,-0.4999999999999998,0.6234898018587334
376,1950-07-31,0.9607488096272248,1,1950,7,31,31,0,212,3,Summer,-0.8660254037844388,1.0
377,1950-10-31,0.9260467151594831,1,1950,10,31,44,1,304,4,Fall,0.5000000000000001,0.6234898018587336
378,1951-01-31,2.123913079481202,1,1951,1,31,5,2,31,1,Winter,0.8660254037844387,-0.22252093395631434
379,1951-04-30,1.340130415555301,1,1951,4,30,18,0,120,2,Spring,-0.4999999999999998,1.0
380,1951-07-31,0.7194444549600412,1,1951,7,31,31,1,212,3,Summer,-0.8660254037844388,0.6234898018587336
381,1951-10-31,0.8201690959777649,1,1951,10,31,44,2,304,4,Fall,0.5000000000000001,-0.22252093395631434
382,1952-01-31,1.9488996591606946,1,1952,1,31,5,3,31,1,Winter,0.8660254037844387,-0.900968867902419
383,1952-04-30,1.2621536566284377,1,1952,4,30,18,2,121,2,Spring,-0.4999999999999998,-0.22252093395631434
384,1952-07-31,1.2668948132740718,1,1952,7,31,31,3,213,3,Summer,-0.8660254037844388,-0.900968867902419
385,1952-10-31,0.27571122225831896,1,1952,10,31,44,4,305,4,Fall,0.5000000000000001,-0.9009688679024191
386,1953-01-31,1.911795525222225,1,1953,1,31,5,5,31,1,Winter,0.8660254037844387,-0.2225209339563146
387,1953-04-30,1.5399778288734705,1,1953,4,30,18,3,120,2,Spring,-0.4999999999999998,-0.900968867902419
388,1953-07-31,1.4638352378047064,1,1953,7,31,31,4,212,3,Summer,-0.8660254037844388,-0.9009688679024191
389,1953-10-31,0.4915459025481249,1,1953,10,31,44,5,304,4,Fall,0.5000000000000001,-0.2225209339563146
390,1954-01-31,1.8801664328707508,1,1954,1,31,4,6,31,1,Winter,0.8660254037844387,0.6234898018587334
391,1954-04-30,1.0225829001640643,1,1954,4,30,17,4,120,2,Spring,-0.4999999999999998,-0.9009688679024191
392,1954-07-31,0.8260064556858774,1,1954,7,31,30,5,212,3,Summer,-0.8660254037844388,-0.2225209339563146
393,1954-10-31,0.45120773745087833,1,1954,10,31,43,6,304,4,Fall,0.5000000000000001,0.6234898018587334
394,1955-01-31,0.9913043640094039,1,1955,1,31,5,0,31,1,Winter,0.8660254037844387,1.0
395,1955-04-30,1.2425163197972553,1,1955,4,30,17,5,120,2,Spring,-0.4999999999999998,-0.2225209339563146
396,1955-07-31,0.7719135929720893,1,1955,7,31,30,6,212,3,Summer,-0.8660254037844388,0.6234898018587334
397,1955-10-31,0.6092861077887712,1,1955,10,31,44,0,304,4,Fall,0.5000000000000001,1.0
398,1956-01-31,3.1474235677042843,1,1956,1,31,5,1,31,1,Winter,0.8660254037844387,0.6234898018587336
399,1956-04-30,1.0024554377976187,1,1956,4,30,18,0,121,2,Spring,-0.4999999999999998,1.0
400,1956-07-31,1.5421095310379933,1,1956,7,31,31,1,213,3,Summer,-0.8660254037844388,0.6234898018587336
401,1956-10-31,1.0355206813285316,1,1956,10,31,44,2,305,4,Fall,0.5000000000000001,-0.22252093395631434
402,1957-01-31,1.0465378584425198,1,1957,1,31,5,3,31,1,Winter,0.8660254037844387,-0.900968867902419
403,1957-04-30,2.0300041981437267,1,1957,4,30,18,1,120,2,Spring,-0.4999999999999998,0.6234898018587336
404,1957-07-31,1.1984433917837618,1,1957,7,31,31,2,212,3,Summer,-0.8660254037844388,-0.22252093395631434
405,1957-10-31,0.9545357103579014,1,1957,10,31,44,3,304,4,Fall,0.5000000000000001,-0.900968867902419
406,1958-01-31,1.847007546890817,1,1958,1,31,5,4,31,1,Winter,0.8660254037844387,-0.9009688679024191
407,1958-04-30,1.8979054282286707,1,1958,4,30,18,2,120,2,Spring,-0.4999999999999998,-0.22252093395631434
408,1958-07-31,1.352643608894965,1,1958,7,31,31,3,212,3,Summer,-0.8660254037844388,-0.900968867902419
409,1958-10-31,0.38666130517575925,1,1958,10,31,44,4,304,4,Fall,0.5000000000000001,-0.9009688679024191
410,1959-01-31,1.7250402861915157,1,1959,1,31,5,5,31,1,Winter,0.8660254037844387,-0.2225209339563146
411,1959-04-30,1.0415453090850366,1,1959,4,30,18,3,120,2,Spring,-0.4999999999999998,-0.900968867902419
412,1959-07-31,0.6799651218925153,1,1959,7,31,31,4,212,3,Summer,-0.8660254037844388,-0.9009688679024191
413,1959-10-31,1.2180220271704165,1,1959,10,31,44,5,304,4,Fall,0.5000000000000001,-0.2225209339563146
414,1960-01-31,0.9092861136748499,1,1960,1,31,4,6,31,1,Winter,0.8660254037844387,0.6234898018587334
415,1960-04-30,1.6845267774432449,1,1960,4,30,17,5,121,2,Spring,-0.4999999999999998,-0.2225209339563146
416,1960-07-31,0.8324342595640284,1,1960,7,31,30,6,213,3,Summer,-0.8660254037844388,0.6234898018587334
417,1960-10-31,0.5463231442125251,1,1960,10,31,44,0,305,4,Fall,0.5000000000000001,1.0
418,1961-01-31,1.4472893427025628,1,1961,1,31,5,1,31,1,Winter,0.8660254037844387,0.6234898018587336
419,1961-04-30,1.5693300276610238,1,1961,4,30,17,6,120,2,Spring,-0.4999999999999998,0.6234898018587334
420,1961-07-31,0.7457997978805407,1,1961,7,31,31,0,212,3,Summer,-0.8660254037844388,1.0
421,1961-10-31,0.7435185311625098,1,1961,10,31,44,1,304,4,Fall,0.5000000000000001,0.6234898018587336
422,1962-01-31,1.4798846208268974,1,1962,1,31,5,2,31,1,Winter,0.8660254037844387,-0.22252093395631434
423,1962-04-30,1.3359966939275152,1,1962,4,30,18,0,120,2,Spring,-0.4999999999999998,1.0
424,1962-07-31,0.8823000687777884,1,1962,7,31,31,1,212,3,Summer,-0.8660254037844388,0.6234898018587336
425,1962-10-31,1.3483360391630084,1,1962,10,31,44,2,304,4,Fall,0.5000000000000001,-0.22252093395631434
426,1963-01-31,1.3816425357967759,1,1963,1,31,5,3,31,1,Winter,0.8660254037844387,-0.900968867902419
427,1963-04-30,1.6695381083903853,1,1963,4,30,18,1,120,2,Spring,-0.4999999999999998,0.6234898018587336
428,1963-07-31,1.0086419938629072,1,1963,7,31,31,2,212,3,Summer,-0.8660254037844388,-0.22252093395631434
429,1963-10-31,0.6285292645431435,1,1963,10,31,44,3,304,4,Fall,0.5000000000000001,-0.900968867902419
430,1964-01-31,1.8485910127152376,1,1964,1,31,5,4,31,1,Winter,0.8660254037844387,-0.9009688679024191
431,1964-04-30,0.781440342859517,1,1964,4,30,18,3,121,2,Spring,-0.4999999999999998,-0.900968867902419
432,1964-07-31,1.260668300188202,1,1964,7,31,31,4,213,3,Summer,-0.8660254037844388,-0.9009688679024191
433,1964-10-31,0.42442298141446605,1,1964,10,31,44,5,305,4,Fall,0.5000000000000001,-0.2225209339563146
434,1965-01-31,3.419135860760831,1,1965,1,31,4,6,31,1,Winter,0.8660254037844387,0.6234898018587334
435,1965-04-30,0.6937855572202927,1,1965,4,30,17,4,120,2,Spring,-0.4999999999999998,-0.9009688679024191
436,1965-07-31,1.053046179805361,1,1965,7,31,30,5,212,3,Summer,-0.8660254037844388,-0.2225209339563146
437,1965-10-31,0.6867149872460387,1,1965,10,31,43,6,304,4,Fall,0.5000000000000001,0.6234898018587334
438,1966-01-31,1.2230139778756002,1,1966,1,31,5,0,31,1,Winter,0.8660254037844387,1.0
439,1966-04-30,0.8203773190445536,1,1966,4,30,17,5,120,2,Spring,-0.4999999999999998,-0.2225209339563146
440,1966-07-31,0.6245035007945949,1,1966,7,31,30,6,212,3,Summer,-0.8660254037844388,0.6234898018587334
441,1966-10-31,0.5198201913740516,1,1966,10,31,44,0,304,4,Fall,0.5000000000000001,1.0
442,1967-01-31,2.3294686411771877,1,1967,1,31,5,1,31,1,Winter,0.8660254037844387,0.6234898018587336
443,1967-04-30,1.1316410228992437,1,1967,4,30,17,6,120,2,Spring,-0.4999999999999998,0.6234898018587334
444,1967-07-31,0.8431830525866165,1,1967,7,31,31,0,212,3,Summer,-0.8660254037844388,1.0
445,1967-10-31,0.6126945887122881,1,1967,10,31,44,1,304,4,Fall,0.5000000000000001,0.6234898018587336
446,1968-01-31,0.9836419921396355,1,1968,1,31,5,2,31,1,Winter,0.8660254037844387,-0.22252093395631434
447,1968-04-30,0.9798491258404137,1,1968,4,30,18,1,121,2,Spring,-0.4999999999999998,0.6234898018587336
448,1968-07-31,0.6599168126629811,1,1968,7,31,31,2,213,3,Summer,-0.8660254037844388,-0.22252093395631434
449,1968-10-31,1.0934111840085148,1,1968,10,31,44,3,305,4,Fall,0.5000000000000001,-0.900968867902419
450,1969-01-31,2.6439882355711664,1,1969,1,31,5,4,31,1,Winter,0.8660254037844387,-0.9009688679024191
451,1969-04-30,1.0123179518962753,1,1969,4,30,18,2,120,2,Spring,-0.4999999999999998,-0.22252093395631434
452,1969-07-31,1.143303831073421,1,1969,7,31,31,3,212,3,Summer,-0.8660254037844388,-0.900968867902419
453,1969-10-31,0.5588298548478883,1,1969,10,31,44,4,304,4,Fall,0.5000000000000001,-0.9009688679024191
454,1970-01-31,2.4940553302404243,1,1970,1,31,5,5,31,1,Winter,0.8660254037844387,-0.2225209339563146
455,1970-04-30,1.046233890889496,1,1970,4,30,18,3,120,2,Spring,-0.4999999999999998,-0.900968867902419
456,1970-07-31,0.981213113653983,1,1970,7,31,31,4,212,3,Summer,-0.8660254037844388,-0.9009688679024191
457,1970-10-31,0.7576355483628894,1,1970,10,31,44,5,304,4,Fall,0.5000000000000001,-0.2225209339563146
458,1971-01-31,2.2142512458714023,1,1971,1,31,4,6,31,1,Winter,0.8660254037844387,0.6234898018587334
459,1971-04-30,1.224996552331212,1,1971,4,30,17,4,120,2,Spring,-0.4999999999999998,-0.9009688679024191
460,1971-07-31,1.104737002129596,1,1971,7,31,30,5,212,3,Summer,-0.8660254037844388,-0.2225209339563146
461,1971-10-31,0.7233494498471515,1,1971,10,31,43,6,304,4,Fall,0.5000000000000001,0.6234898018587334
462,1972-01-31,2.0292002475224096,1,1972,1,31,5,0,31,1,Winter,0.8660254037844387,1.0
463,1972-04-30,1.29369000942026,1,1972,4,30,17,6,121,2,Spring,-0.4999999999999998,0.6234898018587334
464,1972-07-31,0.7409286208068867,1,1972,7,31,31,0,213,3,Summer,-0.8660254037844388,1.0
465,1972-10-31,0.5776033386192172,1,1972,10,31,44,1,305,4,Fall,0.5000000000000001,0.6234898018587336
466,1973-01-31,1.5325684645525628,1,1973,1,31,5,2,31,1,Winter,0.8660254037844387,-0.22252093395631434
467,1973-04-30,0.7634762253734751,1,1973,4,30,18,0,120,2,Spring,-0.4999999999999998,1.0
468,1973-07-31,0.5101315176301404,1,1973,7,31,31,1,212,3,Summer,-0.8660254037844388,0.6234898018587336
469,1973-10-31,0.8076489674016409,1,1973,10,31,44,2,304,4,Fall,0.5000000000000001,-0.22252093395631434
470,1974-01-31,2.698993605945981,1,1974,1,31,5,3,31,1,Winter,0.8660254037844387,-0.900968867902419
471,1974-04-30,1.4665834642476472,1,1974,4,30,18,1,120,2,Spring,-0.4999999999999998,0.6234898018587336
472,1974-07-31,0.49974504395743496,1,1974,7,31,31,2,212,3,Summer,-0.8660254037844388,-0.22252093395631434
473,1974-10-31,0.20858830193650543,1,1974,10,31,44,3,304,4,Fall,0.5000000000000001,-0.900968867902419
474,1975-01-31,1.6242082947510197,1,1975,1,31,5,4,31,1,Winter,0.8660254037844387,-0.9009688679024191
475,1975-04-30,1.753516465582585,1,1975,4,30,18,2,120,2,Spring,-0.4999999999999998,-0.22252093395631434
476,1975-07-31,0.9185453712594281,1,1975,7,31,31,3,212,3,Summer,-0.8660254037844388,-0.900968867902419
477,1975-10-31,0.9922705466728567,1,1975,10,31,44,4,304,4,Fall,0.5000000000000001,-0.9009688679024191
478,1976-01-31,1.4762748502588807,1,1976,1,31,5,5,31,1,Winter,0.8660254037844387,-0.2225209339563146
479,1976-04-30,1.2868450147328472,1,1976,4,30,18,4,121,2,Spring,-0.4999999999999998,-0.9009688679024191
480,1976-07-31,0.6293478376385558,1,1976,7,31,31,5,213,3,Summer,-0.8660254037844388,-0.2225209339563146
481,1976-10-31,1.0619833775482557,1,1976,10,31,44,6,305,4,Fall,0.5000000000000001,0.6234898018587334
482,1977-01-31,0.4062936193631163,1,1977,1,31,5,0,31,1,Winter,0.8660254037844387,1.0
483,1977-04-30,0.5744624879959966,1,1977,4,30,17,5,120,2,Spring,-0.4999999999999998,-0.2225209339563146
484,1977-07-31,1.098188424800881,1,1977,7,31,30,6,212,3,Summer,-0.8660254037844388,0.6234898018587334
485,1977-10-31,0.9033548207298697,1,1977,10,31,44,0,304,4,Fall,0.5000000000000001,1.0
486,1978-01-31,2.4420424478965392,1,1978,1,31,5,1,31,1,Winter,0.8660254037844387,0.6234898018587336
487,1978-04-30,2.175364164315409,1,1978,4,30,17,6,120,2,Spring,-0.4999999999999998,0.6234898018587334
488,1978-07-31,0.7719672690753056,1,1978,7,31,31,0,212,3,Summer,-0.8660254037844388,1.0
489,1978-10-31,0.6267579277698401,1,1978,10,31,44,1,304,4,Fall,0.5000000000000001,0.6234898018587336
490,1979-01-31,1.5556226783960465,1,1979,1,31,5,2,31,1,Winter,0.8660254037844387,-0.22252093395631434
491,1979-04-30,1.6424053540828738,1,1979,4,30,18,0,120,2,Spring,-0.4999999999999998,1.0
492,1979-07-31,0.6202898655452687,1,1979,7,31,31,1,212,3,Summer,-0.8660254037844388,0.6234898018587336
493,1979-10-31,1.1638218142078232,1,1979,10,31,44,2,304,4,Fall,0.5000000000000001,-0.22252093395631434
494,1980-01-31,1.6420290131007895,1,1980,1,31,5,3,31,1,Winter,0.8660254037844387,-0.900968867902419
495,1980-04-30,1.3679424093461332,1,1980,4,30,18,2,121,2,Spring,-0.4999999999999998,-0.22252093395631434
496,1980-07-31,1.3834272907547938,1,1980,7,31,31,3,213,3,Summer,-0.8660254037844388,-0.900968867902419
497,1980-10-31,0.7678609901376297,1,1980,10,31,44,4,305,4,Fall,0.5000000000000001,-0.9009688679024191
498,1981-01-31,1.5927804879928174,1,1981,1,31,5,5,31,1,Winter,0.8660254037844387,-0.2225209339563146
499,1981-04-30,1.6194201988717243,1,1981,4,30,18,3,120,2,Spring,-0.4999999999999998,-0.900968867902419
500,1981-07-31,1.2548846157974556,1,1981,7,31,31,4,212,3,Summer,-0.8660254037844388,-0.9009688679024191
501,1981-10-31,0.7066291058421039,1,1981,10,31,44,5,304,4,Fall,0.5000000000000001,-0.2225209339563146
502,1982-01-31,2.929253937749535,1,1982,1,31,4,6,31,1,Winter,0.8660254037844387,0.6234898018587334
503,1982-04-30,1.6113192111290944,1,1982,4,30,17,4,120,2,Spring,-0.4999999999999998,-0.9009688679024191
504,1982-07-31,1.2752415680686953,1,1982,7,31,30,5,212,3,Summer,-0.8660254037844388,-0.2225209339563146
505,1982-10-31,1.2521202582076103,1,1982,10,31,43,6,304,4,Fall,0.5000000000000001,0.6234898018587334
506,1983-01-31,1.8432367452876708,1,1983,1,31,5,0,31,1,Winter,0.8660254037844387,1.0
507,1983-04-30,2.6243307437886725,1,1983,4,30,17,5,120,2,Spring,-0.4999999999999998,-0.2225209339563146
508,1983-07-31,1.1679951892280875,1,1983,7,31,30,6,212,3,Summer,-0.8660254037844388,0.6234898018587334
509,1983-10-31,0.8166800999301084,1,1983,10,31,44,0,304,4,Fall,0.5000000000000001,1.0
510,1984-01-31,2.846323184107125,1,1984,1,31,5,1,31,1,Winter,0.8660254037844387,0.6234898018587336
511,1984-04-30,1.9737448897544903,1,1984,4,30,18,0,121,2,Spring,-0.4999999999999998,1.0
512,1984-07-31,1.1708132256526287,1,1984,7,31,31,1,213,3,Summer,-0.8660254037844388,0.6234898018587336
513,1984-10-31,1.0946189142589648,1,1984,10,31,44,2,305,4,Fall,0.5000000000000001,-0.22252093395631434
514,1985-01-31,1.5697933708348073,1,1985,1,31,5,3,31,1,Winter,0.8660254037844387,-0.900968867902419
515,1985-04-30,1.0092107261441785,1,1985,4,30,18,1,120,2,Spring,-0.4999999999999998,0.6234898018587336
516,1985-07-31,0.7981481627069745,1,1985,7,31,31,2,212,3,Summer,-0.8660254037844388,-0.22252093395631434
517,1985-10-31,0.9896135431940812,1,1985,10,31,44,3,304,4,Fall,0.5000000000000001,-0.900968867902419
518,1986-01-31,1.480649515847469,1,1986,1,31,5,4,31,1,Winter,0.8660254037844387,-0.9009688679024191
519,1986-04-30,2.2554030078308878,1,1986,4,30,18,2,120,2,Spring,-0.4999999999999998,-0.22252093395631434
520,1986-07-31,0.6508990995929853,1,1986,7,31,31,3,212,3,Summer,-0.8660254037844388,-0.900968867902419
521,1986-10-31,0.8601852004644743,1,1986,10,31,44,4,304,4,Fall,0.5000000000000001,-0.9009688679024191
522,1987-01-31,1.1915727515629444,1,1987,1,31,5,5,31,1,Winter,0.8660254037844387,-0.2225209339563146
523,1987-04-30,1.2942849443412832,1,1987,4,30,18,3,120,2,Spring,-0.4999999999999998,-0.900968867902419
524,1987-07-31,1.2933843481457896,1,1987,7,31,31,4,212,3,Summer,-0.8660254037844388,-0.9009688679024191
525,1987-10-31,0.06803542815980672,1,1987,10,31,44,5,304,4,Fall,0.5000000000000001,-0.2225209339563146
526,1988-01-31,1.6146403931769164,1,1988,1,31,4,6,31,1,Winter,0.8660254037844387,0.6234898018587334
527,1988-04-30,1.1808642184221287,1,1988,4,30,17,5,121,2,Spring,-0.4999999999999998,-0.2225209339563146
528,1988-07-31,0.776986058216524,1,1988,7,31,30,6,213,3,Summer,-0.8660254037844388,0.6234898018587334
529,1988-10-31,0.18960011061690887,1,1988,10,31,44,0,305,4,Fall,0.5000000000000001,1.0
530,1989-01-31,2.2044552179534334,1,1989,1,31,5,1,31,1,Winter,0.8660254037844387,0.6234898018587336
531,1989-04-30,1.7846580981311164,1,1989,4,30,17,6,120,2,Spring,-0.4999999999999998,0.6234898018587334
532,1989-07-31,0.745746122352215,1,1989,7,31,31,0,212,3,Summer,-0.8660254037844388,1.0
533,1989-10-31,0.9937198239994014,1,1989,10,31,44,1,304,4,Fall,0.5000000000000001,0.6234898018587336
534,1990-01-31,1.003582948334895,1,1990,1,31,5,2,31,1,Winter,0.8660254037844387,-0.22252093395631434
535,1990-04-30,1.2902067081597364,1,1990,4,30,18,0,120,2,Spring,-0.4999999999999998,1.0
536,1990-07-31,0.9504160107759798,1,1990,7,31,31,1,212,3,Summer,-0.8660254037844388,0.6234898018587336
537,1990-10-31,0.6947262600620172,1,1990,10,31,44,2,304,4,Fall,0.5000000000000001,-0.22252093395631434
538,1991-01-31,0.9756978159431434,1,1991,1,31,5,3,31,1,Winter,0.8660254037844387,-0.900968867902419
539,1991-04-30,1.435580547894357,1,1991,4,30,18,1,120,2,Spring,-0.4999999999999998,0.6234898018587336
540,1991-07-31,1.648899654282424,1,1991,7,31,31,2,212,3,Summer,-0.8660254037844388,-0.22252093395631434
541,1991-10-31,0.5122114952785621,1,1991,10,31,44,3,304,4,Fall,0.5000000000000001,-0.900968867902419
542,1992-01-31,1.3548175224357486,1,1992,1,31,5,4,31,1,Winter,0.8660254037844387,-0.9009688679024191
543,1992-04-30,1.0403292364309273,1,1992,4,30,18,3,121,2,Spring,-0.4999999999999998,-0.900968867902419
544,1992-07-31,1.034380051134913,1,1992,7,31,31,4,213,3,Summer,-0.8660254037844388,-0.9009688679024191
545,1992-10-31,0.6708937329912515,1,1992,10,31,44,5,305,4,Fall,0.5000000000000001,-0.2225209339563146
546,1993-01-31,2.2927805012820857,1,1993,1,31,4,6,31,1,Winter,0.8660254037844387,0.6234898018587334
547,1993-04-30,2.1118740815333923,1,1993,4,30,17,4,120,2,Spring,-0.4999999999999998,-0.9009688679024191
548,1993-07-31,1.585950108549957,1,1993,7,31,30,5,212,3,Summer,-0.8660254037844388,-0.2225209339563146
549,1993-10-31,0.6164788080032433,1,1993,10,31,43,6,304,4,Fall,0.5000000000000001,0.6234898018587334
550,1994-01-31,1.0212694763441401,1,1994,1,31,5,0,31,1,Winter,0.8660254037844387,1.0
551,1994-04-30,1.2717159349088414,1,1994,4,30,17,5,120,2,Spring,-0.4999999999999998,-0.2225209339563146
552,1994-07-31,0.9110306112302674,1,1994,7,31,30,6,212,3,Summer,-0.8660254037844388,0.6234898018587334
553,1994-10-31,0.44606817781953195,1,1994,10,31,44,0,304,4,Fall,0.5000000000000001,1.0
554,1995-01-31,1.8479862695771343,1,1995,1,31,5,1,31,1,Winter,0.8660254037844387,0.6234898018587336
