,time,precipitation_diff,location_cluster,year,month,day,week_of_year,day_of_week,day_of_year,quarter,season,month_cos,day_of_week_cos
0,1949-01-31,0.4018411679344879,2,1949,1,31,5,0,31,1,Winter,0.8660254037844387,1.0
1,1949-04-30,1.0948387793016876,2,1949,4,30,17,5,120,2,Spring,-0.4999999999999998,-0.2225209339563146
2,1949-07-31,0.3555349025628114,2,1949,7,31,30,6,212,3,Summer,-0.8660254037844388,0.6234898018587334
3,1949-10-31,0.6418764417473167,2,1949,10,31,44,0,304,4,Fall,0.5000000000000001,1.0
4,1950-01-31,1.7774313821497818,2,1950,1,31,5,1,31,1,Winter,0.8660254037844387,0.6234898018587336
5,1950-04-30,1.4926375196998831,2,1950,4,30,17,6,120,2,Spring,-0.4999999999999998,0.6234898018587334
6,1950-07-31,0.6017591633814764,2,1950,7,31,31,0,212,3,Summer,-0.8660254037844388,1.0
7,1950-10-31,0.9361985299386749,2,1950,10,31,44,1,304,4,Fall,0.5000000000000001,0.6234898018587336
8,1951-01-31,1.9440503768895665,2,1951,1,31,5,2,31,1,Winter,0.8660254037844387,-0.22252093395631434
9,1951-04-30,1.0316381025684878,2,1951,4,30,18,0,120,2,Spring,-0.4999999999999998,1.0
10,1951-07-31,0.5316647657340294,2,1951,7,31,31,1,212,3,Summer,-0.8660254037844388,0.6234898018587336
11,1951-10-31,0.9095823922262738,2,1951,10,31,44,2,304,4,Fall,0.5000000000000001,-0.22252093395631434
12,1952-01-31,1.3271882332173055,2,1952,1,31,5,3,31,1,Winter,0.8660254037844387,-0.900968867902419
13,1952-04-30,0.7440497177102935,2,1952,4,30,18,2,121,2,Spring,-0.4999999999999998,-0.22252093395631434
14,1952-07-31,0.558566942141824,2,1952,7,31,31,3,213,3,Summer,-0.8660254037844388,-0.900968867902419
15,1952-10-31,0.26966533691726746,2,1952,10,31,44,4,305,4,Fall,0.5000000000000001,-0.9009688679024191
16,1953-01-31,1.5966390427265922,2,1953,1,31,5,5,31,1,Winter,0.8660254037844387,-0.2225209339563146
17,1953-04-30,0.9510201212913151,2,1953,4,30,18,3,120,2,Spring,-0.4999999999999998,-0.900968867902419
18,1953-07-31,0.6089387978523015,2,1953,7,31,31,4,212,3,Summer,-0.8660254037844388,-0.9009688679024191
19,1953-10-31,0.6570795331357017,2,1953,10,31,44,5,304,4,Fall,0.5000000000000001,-0.2225209339563146
20,1954-01-31,1.8500143341960926,2,1954,1,31,4,6,31,1,Winter,0.8660254037844387,0.6234898018587334
21,1954-04-30,0.9049083480599327,2,1954,4,30,17,4,120,2,Spring,-0.4999999999999998,-0.9009688679024191
22,1954-07-31,0.5751573317790791,2,1954,7,31,30,5,212,3,Summer,-0.8660254037844388,-0.2225209339563146
23,1954-10-31,0.661813513349179,2,1954,10,31,43,6,304,4,Fall,0.5000000000000001,0.6234898018587334
24,1955-01-31,1.2694937306119543,2,1955,1,31,5,0,31,1,Winter,0.8660254037844387,1.0
25,1955-04-30,1.2202986630890353,2,1955,4,30,17,5,120,2,Spring,-0.4999999999999998,-0.2225209339563146
26,1955-07-31,0.6794765573985942,2,1955,7,31,30,6,212,3,Summer,-0.8660254037844388,0.6234898018587334
27,1955-10-31,0.8216390326316522,2,1955,10,31,44,0,304,4,Fall,0.5000000000000001,1.0
28,1956-01-31,1.8847540391617597,2,1956,1,31,5,1,31,1,Winter,0.8660254037844387,0.6234898018587336
29,1956-04-30,0.9284210672787233,2,1956,4,30,18,0,121,2,Spring,-0.4999999999999998,1.0
30,1956-07-31,0.6235984078847144,2,1956,7,31,31,1,213,3,Summer,-0.8660254037844388,0.6234898018587336
31,1956-10-31,1.1228261089295541,2,1956,10,31,44,2,305,4,Fall,0.5000000000000001,-0.22252093395631434
32,1957-01-31,1.1560354904341992,2,1957,1,31,5,3,31,1,Winter,0.8660254037844387,-0.900968867902419
33,1957-04-30,1.1590627032463752,2,1957,4,30,18,1,120,2,Spring,-0.4999999999999998,0.6234898018587336
34,1957-07-31,0.6973827365675016,2,1957,7,31,31,2,212,3,Summer,-0.8660254037844388,-0.22252093395631434
35,1957-10-31,0.5396024124863082,2,1957,10,31,44,3,304,4,Fall,0.5000000000000001,-0.900968867902419
36,1958-01-31,1.3845967046918617,2,1958,1,31,5,4,31,1,Winter,0.8660254037844387,-0.9009688679024191
37,1958-04-30,1.257480801649872,2,1958,4,30,18,2,120,2,Spring,-0.4999999999999998,-0.22252093395631434
38,1958-07-31,0.5666762080919466,2,1958,7,31,31,3,212,3,Summer,-0.8660254037844388,-0.900968867902419
39,1958-10-31,0.6930921184649218,2,1958,10,31,44,4,304,4,Fall,0.5000000000000001,-0.9009688679024191
40,1959-01-31,2.0735126210523673,2,1959,1,31,5,5,31,1,Winter,0.8660254037844387,-0.2225209339563146
41,1959-04-30,1.1817268084917527,2,1959,4,30,18,3,120,2,Spring,-0.4999999999999998,-0.900968867902419
42,1959-07-31,0.5665903999150499,2,1959,7,31,31,4,212,3,Summer,-0.8660254037844388,-0.9009688679024191
43,1959-10-31,1.2048341188466845,2,1959,10,31,44,5,304,4,Fall,0.5000000000000001,-0.2225209339563146
44,1960-01-31,1.4079662707625746,2,1960,1,31,4,6,31,1,Winter,0.8660254037844387,0.6234898018587334
45,1960-04-30,1.1548538163522182,2,1960,4,30,17,5,121,2,Spring,-0.4999999999999998,-0.2225209339563146
46,1960-07-31,0.5505577906128658,2,1960,7,31,30,6,213,3,Summer,-0.8660254037844388,0.6234898018587334
47,1960-10-31,0.7709525298610653,2,1960,10,31,44,0,305,4,Fall,0.5000000000000001,1.0
48,1961-01-31,1.5125572257749822,2,1961,1,31,5,1,31,1,Winter,0.8660254037844387,0.6234898018587336
49,1961-04-30,1.4876996148344612,2,1961,4,30,17,6,120,2,Spring,-0.4999999999999998,0.6234898018587334
50,1961-07-31,0.6041476091602285,2,1961,7,31,31,0,212,3,Summer,-0.8660254037844388,1.0
51,1961-10-31,0.7039330779080379,2,1961,10,31,44,1,304,4,Fall,0.5000000000000001,0.6234898018587336
52,1962-01-31,1.3280320592625259,2,1962,1,31,5,2,31,1,Winter,0.8660254037844387,-0.22252093395631434
53,1962-04-30,0.8916321884475027,2,1962,4,30,18,0,120,2,Spring,-0.4999999999999998,1.0
54,1962-07-31,0.5044479495025234,2,1962,7,31,31,1,212,3,Summer,-0.8660254037844388,0.6234898018587336
55,1962-10-31,0.6760011570116833,2,1962,10,31,44,2,304,4,Fall,0.5000000000000001,-0.22252093395631434
56,1963-01-31,1.3764302250375071,2,1963,1,31,5,3,31,1,Winter,0.8660254037844387,-0.900968867902419
57,1963-04-30,1.059047922412719,2,1963,4,30,18,1,120,2,Spring,-0.4999999999999998,0.6234898018587336
58,1963-07-31,0.5484982914647228,2,1963,7,31,31,2,212,3,Summer,-0.8660254037844388,-0.22252093395631434
59,1963-10-31,0.6765732372316022,2,1963,10,31,44,3,304,4,Fall,0.5000000000000001,-0.900968867902419
60,1964-01-31,1.827588700159779,2,1964,1,31,5,4,31,1,Winter,0.8660254037844387,-0.9009688679024191
61,1964-04-30,0.9430848120902365,2,1964,4,30,18,3,121,2,Spring,-0.4999999999999998,-0.900968867902419
62,1964-07-31,0.6045337634702432,2,1964,7,31,31,4,213,3,Summer,-0.8660254037844388,-0.9009688679024191
63,1964-10-31,0.6711956601146634,2,1964,10,31,44,5,305,4,Fall,0.5000000000000001,-0.2225209339563146
64,1965-01-31,1.7214817227849,2,1965,1,31,4,6,31,1,Winter,0.8660254037844387,0.6234898018587334
65,1965-04-30,0.8838705062835369,2,1965,4,30,17,4,120,2,Spring,-0.4999999999999998,-0.9009688679024191
66,1965-07-31,0.4895452000040911,2,1965,7,31,30,5,212,3,Summer,-0.8660254037844388,-0.2225209339563146
67,1965-10-31,0.5523169443109318,2,1965,10,31,43,6,304,4,Fall,0.5000000000000001,0.6234898018587334
68,1966-01-31,1.441204254368418,2,1966,1,31,5,0,31,1,Winter,0.8660254037844387,1.0
69,1966-04-30,0.7515523502551402,2,1966,4,30,17,5,120,2,Spring,-0.4999999999999998,-0.2225209339563146
70,1966-07-31,0.5684639684401999,2,1966,7,31,30,6,212,3,Summer,-0.8660254037844388,0.6234898018587334
71,1966-10-31,0.6208524144812992,2,1966,10,31,44,0,304,4,Fall,0.5000000000000001,1.0
72,1967-01-31,1.7892877879335163,2,1967,1,31,5,1,31,1,Winter,0.8660254037844387,0.6234898018587336
73,1967-04-30,1.139591975935081,2,1967,4,30,17,6,120,2,Spring,-0.4999999999999998,0.6234898018587334
74,1967-07-31,0.46350115139540327,2,1967,7,31,31,0,212,3,Summer,-0.8660254037844388,1.0
75,1967-10-31,0.9074370846700017,2,1967,10,31,44,1,304,4,Fall,0.5000000000000001,0.6234898018587336
76,1968-01-31,1.3966676501388868,2,1968,1,31,5,2,31,1,Winter,0.8660254037844387,-0.22252093395631434
77,1968-04-30,0.9695614175707624,2,1968,4,30,18,1,121,2,Spring,-0.4999999999999998,0.6234898018587336
78,1968-07-31,0.6246853644439623,2,1968,7,31,31,2,213,3,Summer,-0.8660254037844388,-0.22252093395631434
79,1968-10-31,0.9240703793185032,2,1968,10,31,44,3,305,4,Fall,0.5000000000000001,-0.900968867902419
80,1969-01-31,1.716719136550997,2,1969,1,31,5,4,31,1,Winter,0.8660254037844387,-0.9009688679024191
81,1969-04-30,0.883131298309799,2,1969,4,30,18,2,120,2,Spring,-0.4999999999999998,-0.22252093395631434
82,1969-07-31,0.44101831369694466,2,1969,7,31,31,3,212,3,Summer,-0.8660254037844388,-0.900968867902419
83,1969-10-31,0.5264016124185439,2,1969,10,31,44,4,304,4,Fall,0.5000000000000001,-0.9009688679024191
84,1970-01-31,1.3333381222405427,2,1970,1,31,5,5,31,1,Winter,0.8660254037844387,-0.2225209339563146
85,1970-04-30,0.9068894261160523,2,1970,4,30,18,3,120,2,Spring,-0.4999999999999998,-0.900968867902419
86,1970-07-31,0.42441362105906694,2,1970,7,31,31,4,212,3,Summer,-0.8660254037844388,-0.9009688679024191
87,1970-10-31,0.5550343338453405,2,1970,10,31,44,5,304,4,Fall,0.5000000000000001,-0.2225209339563146
88,1971-01-31,1.7590389324019682,2,1971,1,31,4,6,31,1,Winter,0.8660254037844387,0.6234898018587334
89,1971-04-30,1.1000295833903153,2,1971,4,30,17,4,120,2,Spring,-0.4999999999999998,-0.9009688679024191
90,1971-07-31,0.659067519128459,2,1971,7,31,30,5,212,3,Summer,-0.8660254037844388,-0.2225209339563146
91,1971-10-31,0.6540904023548166,2,1971,10,31,43,6,304,4,Fall,0.5000000000000001,0.6234898018587334
92,1972-01-31,1.7858123831777009,2,1972,1,31,5,0,31,1,Winter,0.8660254037844387,1.0
93,1972-04-30,1.6062134777233876,2,1972,4,30,17,6,121,2,Spring,-0.4999999999999998,0.6234898018587334
94,1972-07-31,0.7413758715386641,2,1972,7,31,31,0,213,3,Summer,-0.8660254037844388,1.0
95,1972-10-31,0.5737271279616609,2,1972,10,31,44,1,305,4,Fall,0.5000000000000001,0.6234898018587336
96,1973-01-31,1.3449800000877654,2,1973,1,31,5,2,31,1,Winter,0.8660254037844387,-0.22252093395631434
97,1973-04-30,0.5233293983089561,2,1973,4,30,18,0,120,2,Spring,-0.4999999999999998,1.0
98,1973-07-31,0.3350543528358352,2,1973,7,31,31,1,212,3,Summer,-0.8660254037844388,0.6234898018587336
99,1973-10-31,0.665188803196857,2,1973,10,31,44,2,304,4,Fall,0.5000000000000001,-0.22252093395631434
100,1974-01-31,2.1339817294633567,2,1974,1,31,5,3,31,1,Winter,0.8660254037844387,-0.900968867902419
101,1974-04-30,1.2277794422340562,2,1974,4,30,18,1,120,2,Spring,-0.4999999999999998,0.6234898018587336
102,1974-07-31,0.5464673983231528,2,1974,7,31,31,2,212,3,Summer,-0.8660254037844388,-0.22252093395631434
103,1974-10-31,0.17939073596899857,2,1974,10,31,44,3,304,4,Fall,0.5000000000000001,-0.900968867902419
104,1975-01-31,1.7132580393138905,2,1975,1,31,5,4,31,1,Winter,0.8660254037844387,-0.9009688679024191
105,1975-04-30,0.9896806798146135,2,1975,4,30,18,2,120,2,Spring,-0.4999999999999998,-0.22252093395631434
106,1975-07-31,0.5384582479407657,2,1975,7,31,31,3,212,3,Summer,-0.8660254037844388,-0.900968867902419
107,1975-10-31,0.8588529894740089,2,1975,10,31,44,4,304,4,Fall,0.5000000000000001,-0.9009688679024191
108,1976-01-31,1.9402603314437177,2,1976,1,31,5,5,31,1,Winter,0.8660254037844387,-0.2225209339563146
109,1976-04-30,0.9887134674108691,2,1976,4,30,18,4,121,2,Spring,-0.4999999999999998,-0.9009688679024191
110,1976-07-31,0.5171624814933784,2,1976,7,31,31,5,213,3,Summer,-0.8660254037844388,-0.2225209339563146
111,1976-10-31,0.5472683184108861,2,1976,10,31,44,6,305,4,Fall,0.5000000000000001,0.6234898018587334
112,1977-01-31,0.668692801457785,2,1977,1,31,5,0,31,1,Winter,0.8660254037844387,1.0
113,1977-04-30,0.7700621072172079,2,1977,4,30,17,5,120,2,Spring,-0.4999999999999998,-0.2225209339563146
114,1977-07-31,0.5142162558878399,2,1977,7,31,30,6,212,3,Summer,-0.8660254037844388,0.6234898018587334
115,1977-10-31,0.6359410865554156,2,1977,10,31,44,0,304,4,Fall,0.5000000000000001,1.0
116,1978-01-31,1.6588243957240245,2,1978,1,31,5,1,31,1,Winter,0.8660254037844387,0.6234898018587336
117,1978-04-30,0.897294515714111,2,1978,4,30,17,6,120,2,Spring,-0.4999999999999998,0.6234898018587334
118,1978-07-31,0.6462528723381562,2,1978,7,31,31,0,212,3,Summer,-0.8660254037844388,1.0
119,1978-10-31,0.6730692327316654,2,1978,10,31,44,1,304,4,Fall,0.5000000000000001,0.6234898018587336
120,1979-01-31,0.9195509328681644,2,1979,1,31,5,2,31,1,Winter,0.8660254037844387,-0.22252093395631434
121,1979-04-30,1.0799083511611103,2,1979,4,30,18,0,120,2,Spring,-0.4999999999999998,1.0
122,1979-07-31,0.4348541274474981,2,1979,7,31,31,1,212,3,Summer,-0.8660254037844388,0.6234898018587336
123,1979-10-31,0.661870715588766,2,1979,10,31,44,2,304,4,Fall,0.5000000000000001,-0.22252093395631434
124,1980-01-31,1.4428203937094617,2,1980,1,31,5,3,31,1,Winter,0.8660254037844387,-0.900968867902419
125,1980-04-30,1.0224561594219672,2,1980,4,30,18,2,121,2,Spring,-0.4999999999999998,-0.22252093395631434
126,1980-07-31,0.7523598537963625,2,1980,7,31,31,3,213,3,Summer,-0.8660254037844388,-0.900968867902419
127,1980-10-31,0.5253718613478562,2,1980,10,31,44,4,305,4,Fall,0.5000000000000001,-0.9009688679024191
128,1981-01-31,1.5211384704845874,2,1981,1,31,5,5,31,1,Winter,0.8660254037844387,-0.2225209339563146
129,1981-04-30,1.1350532442525179,2,1981,4,30,18,3,120,2,Spring,-0.4999999999999998,-0.900968867902419
130,1981-07-31,0.8874857129094359,2,1981,7,31,31,4,212,3,Summer,-0.8660254037844388,-0.9009688679024191
131,1981-10-31,0.6819222051697171,2,1981,10,31,44,5,304,4,Fall,0.5000000000000001,-0.2225209339563146
132,1982-01-31,1.6295051702961019,2,1982,1,31,4,6,31,1,Winter,0.8660254037844387,0.6234898018587334
133,1982-04-30,1.2070816270037736,2,1982,4,30,17,4,120,2,Spring,-0.4999999999999998,-0.9009688679024191
134,1982-07-31,0.6557637416412393,2,1982,7,31,30,5,212,3,Summer,-0.8660254037844388,-0.2225209339563146
135,1982-10-31,0.8385011574170325,2,1982,10,31,43,6,304,4,Fall,0.5000000000000001,0.6234898018587334
136,1983-01-31,1.5858981908742313,2,1983,1,31,5,0,31,1,Winter,0.8660254037844387,1.0
137,1983-04-30,1.2002513526015244,2,1983,4,30,17,5,120,2,Spring,-0.4999999999999998,-0.2225209339563146
138,1983-07-31,0.8144593985987831,2,1983,7,31,30,6,212,3,Summer,-0.8660254037844388,0.6234898018587334
139,1983-10-31,0.6200514991833771,2,1983,10,31,44,0,304,4,Fall,0.5000000000000001,1.0
140,1984-01-31,1.7416762327754047,2,1984,1,31,5,1,31,1,Winter,0.8660254037844387,0.6234898018587336
141,1984-04-30,1.039108206086645,2,1984,4,30,18,0,121,2,Spring,-0.4999999999999998,1.0
142,1984-07-31,0.8013587143971186,2,1984,7,31,31,1,213,3,Summer,-0.8660254037844388,0.6234898018587336
143,1984-10-31,0.6940789587595404,2,1984,10,31,44,2,305,4,Fall,0.5000000000000001,-0.22252093395631434
144,1985-01-31,1.2306779344061078,2,1985,1,31,5,3,31,1,Winter,0.8660254037844387,-0.900968867902419
145,1985-04-30,0.837891793638547,2,1985,4,30,18,1,120,2,Spring,-0.4999999999999998,0.6234898018587336
146,1985-07-31,0.4272168266855487,2,1985,7,31,31,2,212,3,Summer,-0.8660254037844388,-0.22252093395631434
147,1985-10-31,0.9705949819879074,2,1985,10,31,44,3,304,4,Fall,0.5000000000000001,-0.900968867902419
148,1986-01-31,1.124914203996363,2,1986,1,31,5,4,31,1,Winter,0.8660254037844387,-0.9009688679024191
149,1986-04-30,1.0821998996934388,2,1986,4,30,18,2,120,2,Spring,-0.4999999999999998,-0.22252093395631434
150,1986-07-31,0.5287328483036013,2,1986,7,31,31,3,212,3,Summer,-0.8660254037844388,-0.900968867902419
151,1986-10-31,0.5529319322018008,2,1986,10,31,44,4,304,4,Fall,0.5000000000000001,-0.9009688679024191
152,1987-01-31,1.3309210739865711,2,1987,1,31,5,5,31,1,Winter,0.8660254037844387,-0.2225209339563146
153,1987-04-30,0.8464961669852242,2,1987,4,30,18,3,120,2,Spring,-0.4999999999999998,-0.900968867902419
154,1987-07-31,0.6933781569482635,2,1987,7,31,31,4,212,3,Summer,-0.8660254037844388,-0.9009688679024191
155,1987-10-31,0.16408753092134334,2,1987,10,31,44,5,304,4,Fall,0.5000000000000001,-0.2225209339563146
156,1988-01-31,1.1341104342291042,2,1988,1,31,4,6,31,1,Winter,0.8660254037844387,0.6234898018587334
157,1988-04-30,1.1508041146663373,2,1988,4,30,17,5,121,2,Spring,-0.4999999999999998,-0.2225209339563146
158,1988-07-31,0.5973970345061622,2,1988,7,31,30,6,213,3,Summer,-0.8660254037844388,0.6234898018587334
159,1988-10-31,0.5874141984932483,2,1988,10,31,44,0,305,4,Fall,0.5000000000000001,1.0
160,1989-01-31,1.491275769951423,2,1989,1,31,5,1,31,1,Winter,0.8660254037844387,0.6234898018587336
161,1989-04-30,0.9922235550800595,2,1989,4,30,17,6,120,2,Spring,-0.4999999999999998,0.6234898018587334
162,1989-07-31,0.5335097345779277,2,1989,7,31,31,0,212,3,Summer,-0.8660254037844388,1.0
163,1989-10-31,0.6520452074412453,2,1989,10,31,44,1,304,4,Fall,0.5000000000000001,0.6234898018587336
164,1990-01-31,1.6127717693003845,2,1990,1,31,5,2,31,1,Winter,0.8660254037844387,-0.22252093395631434
165,1990-04-30,0.9753400547719615,2,1990,4,30,18,0,120,2,Spring,-0.4999999999999998,1.0
166,1990-07-31,0.8006006998640807,2,1990,7,31,31,1,212,3,Summer,-0.8660254037844388,0.6234898018587336
167,1990-10-31,0.8371138608219524,2,1990,10,31,44,2,304,4,Fall,0.5000000000000001,-0.22252093395631434
168,1991-01-31,1.840989726654188,2,1991,1,31,5,3,31,1,Winter,0.8660254037844387,-0.900968867902419
169,1991-04-30,1.1174601035854614,2,1991,4,30,18,1,120,2,Spring,-0.4999999999999998,0.6234898018587336
170,1991-07-31,0.6851687754879469,2,1991,7,31,31,2,212,3,Summer,-0.8660254037844388,-0.22252093395631434
171,1991-10-31,0.34967105911759067,2,1991,10,31,44,3,304,4,Fall,0.5000000000000001,-0.900968867902419
172,1992-01-31,1.5232265748251954,2,1992,1,31,5,4,31,1,Winter,0.8660254037844387,-0.9009688679024191
173,1992-04-30,0.7172076141232984,2,1992,4,30,18,3,121,2,Spring,-0.4999999999999998,-0.900968867902419
174,1992-07-31,0.5536327363072854,2,1992,7,31,31,4,213,3,Summer,-0.8660254037844388,-0.9009688679024191
175,1992-10-31,0.46255721659047927,2,1992,10,31,44,5,305,4,Fall,0.5000000000000001,-0.2225209339563146
176,1993-01-31,1.2862271374311016,2,1993,1,31,4,6,31,1,Winter,0.8660254037844387,0.6234898018587334
177,1993-04-30,0.797279731494428,2,1993,4,30,17,4,120,2,Spring,-0.4999999999999998,-0.9009688679024191
178,1993-07-31,0.971295789520318,2,1993,7,31,30,5,212,3,Summer,-0.8660254037844388,-0.2225209339563146
179,1993-10-31,0.38107838015044343,2,1993,10,31,43,6,304,4,Fall,0.5000000000000001,0.6234898018587334
180,1994-01-31,0.9473398319196203,2,1994,1,31,5,0,31,1,Winter,0.8660254037844387,1.0
181,1994-04-30,0.9603489239885742,2,1994,4,30,17,5,120,2,Spring,-0.4999999999999998,-0.2225209339563146
182,1994-07-31,0.5120280410996393,2,1994,7,31,30,6,212,3,Summer,-0.8660254037844388,0.6234898018587334
183,1994-10-31,0.6037042410735219,2,1994,10,31,44,0,304,4,Fall,0.5000000000000001,1.0
184,1995-01-31,1.7300906181656872,2,1995,1,31,5,1,31,1,Winter,0.8660254037844387,0.6234898018587336
185,1949-01-31,0.20975388465920294,1,1949,1,31,5,0,31,1,Winter,0.8660254037844387,1.0
186,1949-04-30,0.5075731150413632,1,1949,4,30,17,5,120,2,Spring,-0.4999999999999998,-0.2225209339563146
187,1949-07-31,0.3191223870622923,1,1949,7,31,30,6,212,3,Summer,-0.8660254037844388,0.6234898018587334
188,1949-10-31,0.16698873064456227,1,1949,10,31,44,0,304,4,Fall,0.5000000000000001,1.0
189,1950-01-31,0.660520676156517,1,1950,1,31,5,1,31,1,Winter,0.8660254037844387,0.6234898018587336
190,1950-04-30,0.5230267802748159,1,1950,4,30,17,6,120,2,Spring,-0.4999999999999998,0.6234898018587334
191,1950-07-31,0.3952361852744463,1,1950,7,31,31,0,212,3,Summer,-0.8660254037844388,1.0
192,1950-10-31,0.37296028603198256,1,1950,10,31,44,1,304,4,Fall,0.5000000000000001,0.6234898018587336
193,1951-01-31,0.8348094622524064,1,1951,1,31,5,2,31,1,Winter,0.8660254037844387,-0.22252093395631434
194,1951-04-30,0.5477458824788438,1,1951,4,30,18,0,120,2,Spring,-0.4999999999999998,1.0
195,1951-07-31,0.2655126172069398,1,1951,7,31,31,1,212,3,Summer,-0.8660254037844388,0.6234898018587336
196,1951-10-31,0.28706388064108734,1,1951,10,31,44,2,304,4,Fall,0.5000000000000001,-0.22252093395631434
197,1952-01-31,0.7702361920751507,1,1952,1,31,5,3,31,1,Winter,0.8660254037844387,-0.900968867902419
198,1952-04-30,0.4954046729609718,1,1952,4,30,18,2,121,2,Spring,-0.4999999999999998,-0.22252093395631434
199,1952-07-31,0.5003757472167525,1,1952,7,31,31,3,213,3,Summer,-0.8660254037844388,-0.900968867902419
200,1952-10-31,0.1259527662224064,1,1952,10,31,44,4,305,4,Fall,0.5000000000000001,-0.9009688679024191
201,1953-01-31,0.7247182110937386,1,1953,1,31,5,5,31,1,Winter,0.8660254037844387,-0.2225209339563146
202,1953-04-30,0.5869884940916134,1,1953,4,30,18,3,120,2,Spring,-0.4999999999999998,-0.900968867902419
203,1953-07-31,0.5032608788140555,1,1953,7,31,31,4,212,3,Summer,-0.8660254037844388,-0.9009688679024191
204,1953-10-31,0.20807837201277382,1,1953,10,31,44,5,304,4,Fall,0.5000000000000001,-0.2225209339563146
205,1954-01-31,0.756924329765473,1,1954,1,31,4,6,31,1,Winter,0.8660254037844387,0.6234898018587334
206,1954-04-30,0.3941739569640983,1,1954,4,30,17,4,120,2,Spring,-0.4999999999999998,-0.9009688679024191
207,1954-07-31,0.3223564194948265,1,1954,7,31,30,5,212,3,Summer,-0.8660254037844388,-0.2225209339563146
208,1954-10-31,0.18875469954537405,1,1954,10,31,43,6,304,4,Fall,0.5000000000000001,0.6234898018587334
209,1955-01-31,0.4112184718831118,1,1955,1,31,5,0,31,1,Winter,0.8660254037844387,1.0
210,1955-04-30,0.49721182676600356,1,1955,4,30,17,5,120,2,Spring,-0.4999999999999998,-0.2225209339563146
211,1955-07-31,0.33911702031358654,1,1955,7,31,30,6,212,3,Summer,-0.8660254037844388,0.6234898018587334
212,1955-10-31,0.2142780494340808,1,1955,10,31,44,0,304,4,Fall,0.5000000000000001,1.0
213,1956-01-31,1.1007649177576402,1,1956,1,31,5,1,31,1,Winter,0.8660254037844387,0.6234898018587336
214,1956-04-30,0.439026071487917,1,1956,4,30,18,0,121,2,Spring,-0.4999999999999998,1.0
215,1956-07-31,0.6231615814623801,1,1956,7,31,31,1,213,3,Summer,-0.8660254037844388,0.6234898018587336
216,1956-10-31,0.3680622708702273,1,1956,10,31,44,2,305,4,Fall,0.5000000000000001,-0.22252093395631434
217,1957-01-31,0.4221551325402142,1,1957,1,31,5,3,31,1,Winter,0.8660254037844387,-0.900968867902419
218,1957-04-30,0.7618809959245697,1,1957,4,30,18,1,120,2,Spring,-0.4999999999999998,0.6234898018587336
219,1957-07-31,0.46882716909458866,1,1957,7,31,31,2,212,3,Summer,-0.8660254037844388,-0.22252093395631434
220,1957-10-31,0.3712828833533834,1,1957,10,31,44,3,304,4,Fall,0.5000000000000001,-0.900968867902419
221,1958-01-31,0.6538915835866845,1,1958,1,31,5,4,31,1,Winter,0.8660254037844387,-0.9009688679024191
222,1958-04-30,0.7220835197085993,1,1958,4,30,18,2,120,2,Spring,-0.4999999999999998,-0.22252093395631434
223,1958-07-31,0.5691760709080336,1,1958,7,31,31,3,212,3,Summer,-0.8660254037844388,-0.900968867902419
224,1958-10-31,0.17392646534727327,1,1958,10,31,44,4,304,4,Fall,0.5000000000000001,-0.9009688679024191
225,1959-01-31,0.6404589484353268,1,1959,1,31,5,5,31,1,Winter,0.8660254037844387,-0.2225209339563146
226,1959-04-30,0.42125122053482805,1,1959,4,30,18,3,120,2,Spring,-0.4999999999999998,-0.900968867902419
227,1959-07-31,0.28372249553820905,1,1959,7,31,31,4,212,3,Summer,-0.8660254037844388,-0.9009688679024191
228,1959-10-31,0.44759796679887764,1,1959,10,31,44,5,304,4,Fall,0.5000000000000001,-0.2225209339563146
229,1960-01-31,0.36969941666712697,1,1960,1,31,4,6,31,1,Winter,0.8660254037844387,0.6234898018587334
230,1960-04-30,0.6269547432262466,1,1960,4,30,17,5,121,2,Spring,-0.4999999999999998,-0.2225209339563146
231,1960-07-31,0.3012748295046345,1,1960,7,31,30,6,213,3,Summer,-0.8660254037844388,0.6234898018587334
232,1960-10-31,0.21940419040980258,1,1960,10,31,44,0,305,4,Fall,0.5000000000000001,1.0
233,1961-01-31,0.5614331820784751,1,1961,1,31,5,1,31,1,Winter,0.8660254037844387,0.6234898018587336
234,1961-04-30,0.6240255334912564,1,1961,4,30,17,6,120,2,Spring,-0.4999999999999998,0.6234898018587334
235,1961-07-31,0.31096350466327616,1,1961,7,31,31,0,212,3,Summer,-0.8660254037844388,1.0
236,1961-10-31,0.2943907731317156,1,1961,10,31,44,1,304,4,Fall,0.5000000000000001,0.6234898018587336
237,1962-01-31,0.5670424146798674,1,1962,1,31,5,2,31,1,Winter,0.8660254037844387,-0.22252093395631434
238,1962-04-30,0.5252046149602825,1,1962,4,30,18,0,120,2,Spring,-0.4999999999999998,1.0
239,1962-07-31,0.30224101482158183,1,1962,7,31,31,1,212,3,Summer,-0.8660254037844388,0.6234898018587336
240,1962-10-31,0.41247987824877586,1,1962,10,31,44,2,304,4,Fall,0.5000000000000001,-0.22252093395631434
241,1963-01-31,0.4611513755947623,1,1963,1,31,5,3,31,1,Winter,0.8660254037844387,-0.900968867902419
242,1963-04-30,0.6231238848717984,1,1963,4,30,18,1,120,2,Spring,-0.4999999999999998,0.6234898018587336
243,1963-07-31,0.4177133743323774,1,1963,7,31,31,2,212,3,Summer,-0.8660254037844388,-0.22252093395631434
244,1963-10-31,0.2661299023745253,1,1963,10,31,44,3,304,4,Fall,0.5000000000000001,-0.900968867902419
245,1964-01-31,0.6780864307831851,1,1964,1,31,5,4,31,1,Winter,0.8660254037844387,-0.9009688679024191
246,1964-04-30,0.3510425302615218,1,1964,4,30,18,3,121,2,Spring,-0.4999999999999998,-0.900968867902419
247,1964-07-31,0.4519323762366273,1,1964,7,31,31,4,213,3,Summer,-0.8660254037844388,-0.9009688679024191
248,1964-10-31,0.16407676106613775,1,1964,10,31,44,5,305,4,Fall,0.5000000000000001,-0.2225209339563146
249,1965-01-31,1.158051549569492,1,1965,1,31,4,6,31,1,Winter,0.8660254037844387,0.6234898018587334
250,1965-04-30,0.30575669785778836,1,1965,4,30,17,4,120,2,Spring,-0.4999999999999998,-0.9009688679024191
251,1965-07-31,0.3892377949281287,1,1965,7,31,30,5,212,3,Summer,-0.8660254037844388,-0.2225209339563146
252,1965-10-31,0.2794820226047046,1,1965,10,31,43,6,304,4,Fall,0.5000000000000001,0.6234898018587334
253,1966-01-31,0.501127223930633,1,1966,1,31,5,0,31,1,Winter,0.8660254037844387,1.0
254,1966-04-30,0.3575391925407326,1,1966,4,30,17,5,120,2,Spring,-0.4999999999999998,-0.2225209339563146
255,1966-07-31,0.2710144981008045,1,1966,7,31,30,6,212,3,Summer,-0.8660254037844388,0.6234898018587334
256,1966-10-31,0.20452227968556613,1,1966,10,31,44,0,304,4,Fall,0.5000000000000001,1.0
257,1967-01-31,0.8725711366194697,1,1967,1,31,5,1,31,1,Winter,0.8660254037844387,0.6234898018587336
258,1967-04-30,0.47403246754663364,1,1967,4,30,17,6,120,2,Spring,-0.4999999999999998,0.6234898018587334
259,1967-07-31,0.3409957120218027,1,1967,7,31,31,0,212,3,Summer,-0.8660254037844388,1.0
260,1967-10-31,0.22336285990441415,1,1967,10,31,44,1,304,4,Fall,0.5000000000000001,0.6234898018587336
261,1968-01-31,0.3971282943635299,1,1968,1,31,5,2,31,1,Winter,0.8660254037844387,-0.22252093395631434
262,1968-04-30,0.3838820370647479,1,1968,4,30,18,1,121,2,Spring,-0.4999999999999998,0.6234898018587336
263,1968-07-31,0.26975309145419396,1,1968,7,31,31,2,213,3,Summer,-0.8660254037844388,-0.22252093395631434
264,1968-10-31,0.4064412299319662,1,1968,10,31,44,3,305,4,Fall,0.5000000000000001,-0.900968867902419
265,1969-01-31,0.9517713517282544,1,1969,1,31,5,4,31,1,Winter,0.8660254037844387,-0.9009688679024191
266,1969-04-30,0.39650437547435774,1,1969,4,30,18,2,120,2,Spring,-0.4999999999999998,-0.22252093395631434
267,1969-07-31,0.42690553649224167,1,1969,7,31,31,3,212,3,Summer,-0.8660254037844388,-0.900968867902419
268,1969-10-31,0.19943639687529924,1,1969,10,31,44,4,304,4,Fall,0.5000000000000001,-0.9009688679024191
269,1970-01-31,0.7867820858475475,1,1970,1,31,5,5,31,1,Winter,0.8660254037844387,-0.2225209339563146
270,1970-04-30,0.4003051802627603,1,1970,4,30,18,3,120,2,Spring,-0.4999999999999998,-0.900968867902419
271,1970-07-31,0.4178609844113206,1,1970,7,31,31,4,212,3,Summer,-0.8660254037844388,-0.9009688679024191
272,1970-10-31,0.2814814861867851,1,1970,10,31,44,5,304,4,Fall,0.5000000000000001,-0.2225209339563146
273,1971-01-31,0.7785292681720521,1,1971,1,31,4,6,31,1,Winter,0.8660254037844387,0.6234898018587334
274,1971-04-30,0.4770287207753719,1,1971,4,30,17,4,120,2,Spring,-0.4999999999999998,-0.9009688679024191
275,1971-07-31,0.42709340470764534,1,1971,7,31,30,5,212,3,Summer,-0.8660254037844388,-0.2225209339563146
276,1971-10-31,0.27071927470553486,1,1971,10,31,43,6,304,4,Fall,0.5000000000000001,0.6234898018587334
277,1972-01-31,0.7797906714733001,1,1972,1,31,5,0,31,1,Winter,0.8660254037844387,1.0
278,1972-04-30,0.5130452772145082,1,1972,4,30,17,6,121,2,Spring,-0.4999999999999998,0.6234898018587334
279,1972-07-31,0.2941358074509867,1,1972,7,31,31,0,213,3,Summer,-0.8660254037844388,1.0
280,1972-10-31,0.24990606960259135,1,1972,10,31,44,1,305,4,Fall,0.5000000000000001,0.6234898018587336
281,1973-01-31,0.5912641007773142,1,1973,1,31,5,2,31,1,Winter,0.8660254037844387,-0.22252093395631434
282,1973-04-30,0.33993619756057664,1,1973,4,30,18,0,120,2,Spring,-0.4999999999999998,1.0
283,1973-07-31,0.1975442866674288,1,1973,7,31,31,1,212,3,Summer,-0.8660254037844388,0.6234898018587336
284,1973-10-31,0.2954374719971028,1,1973,10,31,44,2,304,4,Fall,0.5000000000000001,-0.22252093395631434
285,1974-01-31,0.9726650734580513,1,1974,1,31,5,3,31,1,Winter,0.8660254037844387,-0.900968867902419
286,1974-04-30,0.5586627931217162,1,1974,4,30,18,1,120,2,Spring,-0.4999999999999998,0.6234898018587336
287,1974-07-31,0.20449544118654325,1,1974,7,31,31,2,212,3,Summer,-0.8660254037844388,-0.22252093395631434
288,1974-10-31,0.08454106417167143,1,1974,10,31,44,3,304,4,Fall,0.5000000000000001,-0.900968867902419
289,1975-01-31,0.6302871823088895,1,1975,1,31,5,4,31,1,Winter,0.8660254037844387,-0.9009688679024191
290,1975-04-30,0.6764738622684389,1,1975,4,30,18,2,120,2,Spring,-0.4999999999999998,-0.22252093395631434
291,1975-07-31,0.4081052125062168,1,1975,7,31,31,3,212,3,Summer,-0.8660254037844388,-0.900968867902419
292,1975-10-31,0.36677402491174876,1,1975,10,31,44,4,304,4,Fall,0.5000000000000001,-0.9009688679024191
293,1976-01-31,0.5866747279244041,1,1976,1,31,5,5,31,1,Winter,0.8660254037844387,-0.2225209339563146
294,1976-04-30,0.5020576214972265,1,1976,4,30,18,4,121,2,Spring,-0.4999999999999998,-0.9009688679024191
295,1976-07-31,0.2745840095465486,1,1976,7,31,31,5,213,3,Summer,-0.8660254037844388,-0.2225209339563146
296,1976-10-31,0.4278717188037616,1,1976,10,31,44,6,305,4,Fall,0.5000000000000001,0.6234898018587334
297,1977-01-31,0.16252013197707604,1,1977,1,31,5,0,31,1,Winter,0.8660254037844387,1.0
298,1977-04-30,0.23846581077725337,1,1977,4,30,17,5,120,2,Spring,-0.4999999999999998,-0.2225209339563146
299,1977-07-31,0.43616479570950895,1,1977,7,31,30,6,212,3,Summer,-0.8660254037844388,0.6234898018587334
300,1977-10-31,0.3067364520840727,1,1977,10,31,44,0,304,4,Fall,0.5000000000000001,1.0
301,1978-01-31,0.8142109650476639,1,1978,1,31,5,1,31,1,Winter,0.8660254037844387,0.6234898018587336
302,1978-04-30,0.7718823813837301,1,1978,4,30,17,6,120,2,Spring,-0.4999999999999998,0.6234898018587334
303,1978-07-31,0.33691626928258794,1,1978,7,31,31,0,212,3,Summer,-0.8660254037844388,1.0
304,1978-10-31,0.24977187774235596,1,1978,10,31,44,1,304,4,Fall,0.5000000000000001,0.6234898018587336
305,1979-01-31,0.5217391410767552,1,1979,1,31,5,2,31,1,Winter,0.8660254037844387,-0.22252093395631434
306,1979-04-30,0.6318490861666105,1,1979,4,30,18,0,120,2,Spring,-0.4999999999999998,1.0
307,1979-07-31,0.24488728309487118,1,1979,7,31,31,1,212,3,Summer,-0.8660254037844388,0.6234898018587336
308,1979-10-31,0.4439747799347868,1,1979,10,31,44,2,304,4,Fall,0.5000000000000001,-0.22252093395631434
309,1980-01-31,0.635842738027214,1,1980,1,31,5,3,31,1,Winter,0.8660254037844387,-0.900968867902419
310,1980-04-30,0.5416872520597629,1,1980,4,30,18,2,121,2,Spring,-0.4999999999999998,-0.22252093395631434
311,1980-07-31,0.5343934608792353,1,1980,7,31,31,3,213,3,Summer,-0.8660254037844388,-0.900968867902419
312,1980-10-31,0.3052334998000935,1,1980,10,31,44,4,305,4,Fall,0.5000000000000001,-0.9009688679024191
313,1981-01-31,0.6143988298089256,1,1981,1,31,5,5,31,1,Winter,0.8660254037844387,-0.2225209339563146
314,1981-04-30,0.6064225385421059,1,1981,4,30,18,3,120,2,Spring,-0.4999999999999998,-0.900968867902419
315,1981-07-31,0.45475041005966393,1,1981,7,31,31,4,212,3,Summer,-0.8660254037844388,-0.9009688679024191
316,1981-10-31,0.25448202321998736,1,1981,10,31,44,5,304,4,Fall,0.5000000000000001,-0.2225209339563146
317,1982-01-31,1.0601315215305973,1,1982,1,31,4,6,31,1,Winter,0.8660254037844387,0.6234898018587334
318,1982-04-30,0.6435566747059586,1,1982,4,30,17,4,120,2,Spring,-0.4999999999999998,-0.9009688679024191
319,1982-07-31,0.5261943181341797,1,1982,7,31,30,5,212,3,Summer,-0.8660254037844388,-0.2225209339563146
320,1982-10-31,0.46490875783541863,1,1982,10,31,43,6,304,4,Fall,0.5000000000000001,0.6234898018587334
321,1983-01-31,0.7181293726611284,1,1983,1,31,5,0,31,1,Winter,0.8660254037844387,1.0
322,1983-04-30,0.9768622729920584,1,1983,4,30,17,5,120,2,Spring,-0.4999999999999998,-0.2225209339563146
323,1983-07-31,0.4517176667157355,1,1983,7,31,30,6,212,3,Summer,-0.8660254037844388,0.6234898018587334
324,1983-10-31,0.34570585688355143,1,1983,10,31,44,0,304,4,Fall,0.5000000000000001,1.0
325,1984-01-31,1.0353730725203463,1,1984,1,31,5,1,31,1,Winter,0.8660254037844387,0.6234898018587336
326,1984-04-30,0.7189574888448738,1,1984,4,30,18,0,121,2,Spring,-0.4999999999999998,1.0
327,1984-07-31,0.4371443998430502,1,1984,7,31,31,1,213,3,Summer,-0.8660254037844388,0.6234898018587336
328,1984-10-31,0.40201288945992913,1,1984,10,31,44,2,305,4,Fall,0.5000000000000001,-0.22252093395631434
329,1985-01-31,0.6368357607603905,1,1985,1,31,5,3,31,1,Winter,0.8660254037844387,-0.900968867902419
330,1985-04-30,0.4123873005788176,1,1985,4,30,18,1,120,2,Spring,-0.4999999999999998,0.6234898018587336
331,1985-07-31,0.31352657583400695,1,1985,7,31,31,2,212,3,Summer,-0.8660254037844388,-0.22252093395631434
332,1985-10-31,0.39456522370870084,1,1985,10,31,44,3,304,4,Fall,0.5000000000000001,-0.900968867902419
333,1986-01-31,0.579200224680961,1,1986,1,31,5,4,31,1,Winter,0.8660254037844387,-0.9009688679024191
334,1986-04-30,0.8094881532559003,1,1986,4,30,18,2,120,2,Spring,-0.4999999999999998,-0.22252093395631434
335,1986-07-31,0.27304079990895985,1,1986,7,31,31,3,212,3,Summer,-0.8660254037844388,-0.900968867902419
336,1986-10-31,0.32392646793737984,1,1986,10,31,44,4,304,4,Fall,0.5000000000000001,-0.9009688679024191
337,1987-01-31,0.4851851927049526,1,1987,1,31,5,5,31,1,Winter,0.8660254037844387,-0.2225209339563146
338,1987-04-30,0.5195034080422575,1,1987,4,30,18,3,120,2,Spring,-0.4999999999999998,-0.900968867902419
339,1987-07-31,0.5087359176655722,1,1987,7,31,31,4,212,3,Summer,-0.8660254037844388,-0.9009688679024191
340,1987-10-31,0.033306495683948584,1,1987,10,31,44,5,304,4,Fall,0.5000000000000001,-0.2225209339563146
341,1988-01-31,0.6292404825846658,1,1988,1,31,4,6,31,1,Winter,0.8660254037844387,0.6234898018587334
342,1988-04-30,0.4726886233358308,1,1988,4,30,17,5,121,2,Spring,-0.4999999999999998,-0.2225209339563146
343,1988-07-31,0.33607086018567695,1,1988,7,31,30,6,213,3,Summer,-0.8660254037844388,0.6234898018587334
344,1988-10-31,0.07941492371085153,1,1988,10,31,44,0,305,4,Fall,0.5000000000000001,1.0
345,1989-01-31,0.8443236853907378,1,1989,1,31,5,1,31,1,Winter,0.8660254037844387,0.6234898018587336
346,1989-04-30,0.6828963925850376,1,1989,4,30,17,6,120,2,Spring,-0.4999999999999998,0.6234898018587334
347,1989-07-31,0.32681160084243366,1,1989,7,31,31,0,212,3,Summer,-0.8660254037844388,1.0
348,1989-10-31,0.38303811831566764,1,1989,10,31,44,1,304,4,Fall,0.5000000000000001,0.6234898018587336
349,1990-01-31,0.4153784293245466,1,1990,1,31,5,2,31,1,Winter,0.8660254037844387,-0.22252093395631434
350,1990-04-30,0.5475932962325347,1,1990,4,30,18,0,120,2,Spring,-0.4999999999999998,1.0
351,1990-07-31,0.3585077871988921,1,1990,7,31,31,1,212,3,Summer,-0.8660254037844388,0.6234898018587336
352,1990-10-31,0.283628561069576,1,1990,10,31,44,2,304,4,Fall,0.5000000000000001,-0.22252093395631434
353,1991-01-31,0.4302603399578004,1,1991,1,31,5,3,31,1,Winter,0.8660254037844387,-0.900968867902419
354,1991-04-30,0.6018587975334007,1,1991,4,30,18,1,120,2,Spring,-0.4999999999999998,0.6234898018587336
355,1991-07-31,0.6092861086386093,1,1991,7,31,31,2,212,3,Summer,-0.8660254037844388,-0.22252093395631434
356,1991-10-31,0.20742083060936586,1,1991,10,31,44,3,304,4,Fall,0.5000000000000001,-0.900968867902419
357,1992-01-31,0.5305824030812588,1,1992,1,31,5,4,31,1,Winter,0.8660254037844387,-0.9009688679024191
358,1992-04-30,0.4469135878109392,1,1992,4,30,18,3,121,2,Spring,-0.4999999999999998,-0.900968867902419
359,1992-07-31,0.4312265242089508,1,1992,7,31,31,4,213,3,Summer,-0.8660254037844388,-0.9009688679024191
360,1992-10-31,0.27312131561798814,1,1992,10,31,44,5,305,4,Fall,0.5000000000000001,-0.2225209339563146
361,1993-01-31,0.8962157962396861,1,1993,1,31,4,6,31,1,Winter,0.8660254037844387,0.6234898018587334
362,1993-04-30,0.799750324029138,1,1993,4,30,17,4,120,2,Spring,-0.4999999999999998,-0.9009688679024191
363,1993-07-31,0.6160493942264565,1,1993,7,31,30,5,212,3,Summer,-0.8660254037844388,-0.2225209339563146
364,1993-10-31,0.28260870121011505,1,1993,10,31,43,6,304,4,Fall,0.5000000000000001,0.6234898018587334
365,1994-01-31,0.44809447853989454,1,1994,1,31,5,0,31,1,Winter,0.8660254037844387,1.0
366,1994-04-30,0.5284089446853278,1,1994,4,30,17,5,120,2,Spring,-0.4999999999999998,-0.2225209339563146
367,1994-07-31,0.37775094586290053,1,1994,7,31,30,6,212,3,Summer,-0.8660254037844388,0.6234898018587334
368,1994-10-31,0.1861916300793185,1,1994,10,31,44,0,304,4,Fall,0.5000000000000001,1.0
369,1995-01-31,0.8009309991756882,1,1995,1,31,5,1,31,1,Winter,0.8660254037844387,0.6234898018587336
370,1949-01-31,0.5557303380458842,0,1949,1,31,5,0,31,1,Winter,0.8660254037844387,1.0
371,1949-04-30,1.6947936819545866,0,1949,4,30,17,5,120,2,Spring,-0.4999999999999998,-0.2225209339563146
372,1949-07-31,0.41275993161438657,0,1949,7,31,30,6,212,3,Summer,-0.8660254037844388,0.6234898018587334
373,1949-10-31,0.5950189133989845,0,1949,10,31,44,0,304,4,Fall,0.5000000000000001,1.0
374,1950-01-31,2.456342193177269,0,1950,1,31,5,1,31,1,Winter,0.8660254037844387,0.6234898018587336
375,1950-04-30,1.9849536283756095,0,1950,4,30,17,6,120,2,Spring,-0.4999999999999998,0.6234898018587334
376,1950-07-31,0.3902741084054873,0,1950,7,31,31,0,212,3,Summer,-0.8660254037844388,1.0
377,1950-10-31,1.110727809095625,0,1950,10,31,44,1,304,4,Fall,0.5000000000000001,0.6234898018587336
378,1951-01-31,2.3705198908559204,0,1951,1,31,5,2,31,1,Winter,0.8660254037844387,-0.22252093395631434
379,1951-04-30,1.3301612335491542,0,1951,4,30,18,0,120,2,Spring,-0.4999999999999998,1.0
380,1951-07-31,0.29450851142448714,0,1951,7,31,31,1,212,3,Summer,-0.8660254037844388,0.6234898018587336
381,1951-10-31,0.8659735495643602,0,1951,10,31,44,2,304,4,Fall,0.5000000000000001,-0.22252093395631434
382,1952-01-31,2.050737279162008,0,1952,1,31,5,3,31,1,Winter,0.8660254037844387,-0.900968867902419
383,1952-04-30,1.1669178925411425,0,1952,4,30,18,2,121,2,Spring,-0.4999999999999998,-0.22252093395631434
384,1952-07-31,0.43750473424609193,0,1952,7,31,31,3,213,3,Summer,-0.8660254037844388,-0.900968867902419
385,1952-10-31,0.2644896083544862,0,1952,10,31,44,4,305,4,Fall,0.5000000000000001,-0.9009688679024191
386,1953-01-31,2.4412004228491186,0,1953,1,31,5,5,31,1,Winter,0.8660254037844387,-0.2225209339563146
387,1953-04-30,1.3102784760649402,0,1953,4,30,18,3,120,2,Spring,-0.4999999999999998,-0.900968867902419
388,1953-07-31,0.6421928302939481,0,1953,7,31,31,4,212,3,Summer,-0.8660254037844388,-0.9009688679024191
389,1953-10-31,0.7507278034734647,0,1953,10,31,44,5,304,4,Fall,0.5000000000000001,-0.2225209339563146
390,1954-01-31,2.7081758472582567,0,1954,1,31,4,6,31,1,Winter,0.8660254037844387,0.6234898018587334
391,1954-04-30,1.428001977185185,0,1954,4,30,17,4,120,2,Spring,-0.4999999999999998,-0.9009688679024191
392,1954-07-31,0.5136862095635533,0,1954,7,31,30,5,212,3,Summer,-0.8660254037844388,-0.2225209339563146
393,1954-10-31,0.742429126622349,0,1954,10,31,43,6,304,4,Fall,0.5000000000000001,0.6234898018587334
394,1955-01-31,1.8456522098370953,0,1955,1,31,5,0,31,1,Winter,0.8660254037844387,1.0
395,1955-04-30,1.5168539568876487,0,1955,4,30,17,5,120,2,Spring,-0.4999999999999998,-0.2225209339563146
396,1955-07-31,0.46465974448843805,0,1955,7,31,30,6,212,3,Summer,-0.8660254037844388,0.6234898018587334
397,1955-10-31,0.8050472720429329,0,1955,10,31,44,0,304,4,Fall,0.5000000000000001,1.0
398,1956-01-31,2.694839377580158,0,1956,1,31,5,1,31,1,Winter,0.8660254037844387,0.6234898018587336
399,1956-04-30,1.472077322802394,0,1956,4,30,18,0,121,2,Spring,-0.4999999999999998,1.0
400,1956-07-31,0.5333270432367667,0,1956,7,31,31,1,213,3,Summer,-0.8660254037844388,0.6234898018587336
401,1956-10-31,1.0269943466138918,0,1956,10,31,44,2,305,4,Fall,0.5000000000000001,-0.22252093395631434
402,1957-01-31,1.3200850850538066,0,1957,1,31,5,3,31,1,Winter,0.8660254037844387,-0.900968867902419
403,1957-04-30,1.4887445305803955,0,1957,4,30,18,1,120,2,Spring,-0.4999999999999998,0.6234898018587336
404,1957-07-31,0.5170510511753802,0,1957,7,31,31,2,212,3,Summer,-0.8660254037844388,-0.22252093395631434
405,1957-10-31,0.6287334704690654,0,1957,10,31,44,3,304,4,Fall,0.5000000000000001,-0.900968867902419
406,1958-01-31,2.0380907711824703,0,1958,1,31,5,4,31,1,Winter,0.8660254037844387,-0.9009688679024191
407,1958-04-30,1.5408207407667978,0,1958,4,30,18,2,120,2,Spring,-0.4999999999999998,-0.22252093395631434
408,1958-07-31,0.38947070433154335,0,1958,7,31,31,3,212,3,Summer,-0.8660254037844388,-0.900968867902419
409,1958-10-31,0.6055198631835627,0,1958,10,31,44,4,304,4,Fall,0.5000000000000001,-0.9009688679024191
410,1959-01-31,2.2677788728267125,0,1959,1,31,5,5,31,1,Winter,0.8660254037844387,-0.2225209339563146
411,1959-04-30,1.3649633795729077,0,1959,4,30,18,3,120,2,Spring,-0.4999999999999998,-0.900968867902419
412,1959-07-31,0.47862949818795253,0,1959,7,31,31,4,212,3,Summer,-0.8660254037844388,-0.9009688679024191
413,1959-10-31,0.8612003933673545,0,1959,10,31,44,5,304,4,Fall,0.5000000000000001,-0.2225209339563146
414,1960-01-31,1.5014461493693532,0,1960,1,31,4,6,31,1,Winter,0.8660254037844387,0.6234898018587334
415,1960-04-30,1.5999034109654058,0,1960,4,30,17,5,121,2,Spring,-0.4999999999999998,-0.2225209339563146
416,1960-07-31,0.5387145659704966,0,1960,7,31,30,6,213,3,Summer,-0.8660254037844388,0.6234898018587334
417,1960-10-31,0.7164555899165078,0,1960,10,31,44,0,305,4,Fall,0.5000000000000001,1.0
418,1961-01-31,2.0617769712099845,0,1961,1,31,5,1,31,1,Winter,0.8660254037844387,0.6234898018587336
419,1961-04-30,2.098290217802853,0,1961,4,30,17,6,120,2,Spring,-0.4999999999999998,0.6234898018587334
420,1961-07-31,0.4176370592544908,0,1961,7,31,31,0,212,3,Summer,-0.8660254037844388,1.0
421,1961-10-31,0.6930340400180429,0,1961,10,31,44,1,304,4,Fall,0.5000000000000001,0.6234898018587336
422,1962-01-31,1.6400094777211858,0,1962,1,31,5,2,31,1,Winter,0.8660254037844387,-0.22252093395631434
423,1962-04-30,1.2762579594602745,0,1962,4,30,18,0,120,2,Spring,-0.4999999999999998,1.0
424,1962-07-31,0.4486011408438417,0,1962,7,31,31,1,212,3,Summer,-0.8660254037844388,0.6234898018587336
425,1962-10-31,0.8004915075732257,0,1962,10,31,44,2,304,4,Fall,0.5000000000000001,-0.22252093395631434
426,1963-01-31,1.6257183607076144,0,1963,1,31,5,3,31,1,Winter,0.8660254037844387,-0.900968867902419
427,1963-04-30,1.5110894231874592,0,1963,4,30,18,1,120,2,Spring,-0.4999999999999998,0.6234898018587336
428,1963-07-31,0.6294423570043085,0,1963,7,31,31,2,212,3,Summer,-0.8660254037844388,-0.22252093395631434
429,1963-10-31,0.761124774672105,0,1963,10,31,44,3,304,4,Fall,0.5000000000000001,-0.900968867902419
430,1964-01-31,2.317277919206705,0,1964,1,31,5,4,31,1,Winter,0.8660254037844387,-0.9009688679024191
431,1964-04-30,1.0970531563108095,0,1964,4,30,18,3,121,2,Spring,-0.4999999999999998,-0.900968867902419
432,1964-07-31,0.5409735465122982,0,1964,7,31,31,4,213,3,Summer,-0.8660254037844388,-0.9009688679024191
433,1964-10-31,0.5356049243008651,0,1964,10,31,44,5,305,4,Fall,0.5000000000000001,-0.2225209339563146
434,1965-01-31,2.446540690382453,0,1965,1,31,4,6,31,1,Winter,0.8660254037844387,0.6234898018587334
435,1965-04-30,0.935192975421533,0,1965,4,30,17,4,120,2,Spring,-0.4999999999999998,-0.9009688679024191
436,1965-07-31,0.32136106552073773,0,1965,7,31,30,5,212,3,Summer,-0.8660254037844388,-0.2225209339563146
437,1965-10-31,0.4718336570796703,0,1965,10,31,43,6,304,4,Fall,0.5000000000000001,0.6234898018587334
438,1966-01-31,2.233459397461019,0,1966,1,31,5,0,31,1,Winter,0.8660254037844387,1.0
439,1966-04-30,1.2239961163687252,0,1966,4,30,17,5,120,2,Spring,-0.4999999999999998,-0.2225209339563146
440,1966-07-31,0.4047920665275904,0,1966,7,31,30,6,212,3,Summer,-0.8660254037844388,0.6234898018587334
441,1966-10-31,0.5536011428007106,0,1966,10,31,44,0,304,4,Fall,0.5000000000000001,1.0
442,1967-01-31,2.6201796250118536,0,1967,1,31,5,1,31,1,Winter,0.8660254037844387,0.6234898018587336
443,1967-04-30,1.449467539659901,0,1967,4,30,17,6,120,2,Spring,-0.4999999999999998,0.6234898018587334
444,1967-07-31,0.2368714601160617,0,1967,7,31,31,0,212,3,Summer,-0.8660254037844388,1.0
445,1967-10-31,0.9257845140430224,0,1967,10,31,44,1,304,4,Fall,0.5000000000000001,0.6234898018587336
446,1968-01-31,1.9389603414958332,0,1968,1,31,5,2,31,1,Winter,0.8660254037844387,-0.22252093395631434
447,1968-04-30,1.3986280491811354,0,1968,4,30,18,1,121,2,Spring,-0.4999999999999998,0.6234898018587336
448,1968-07-31,0.527788289875102,0,1968,7,31,31,2,213,3,Summer,-0.8660254037844388,-0.22252093395631434
449,1968-10-31,1.138279795084705,0,1968,10,31,44,3,305,4,Fall,0.5000000000000001,-0.900968867902419
450,1969-01-31,2.4571834105639128,0,1969,1,31,5,4,31,1,Winter,0.8660254037844387,-0.9009688679024191
451,1969-04-30,1.2148705601138956,0,1969,4,30,18,2,120,2,Spring,-0.4999999999999998,-0.22252093395631434
452,1969-07-31,0.4694518024126501,0,1969,7,31,31,3,212,3,Summer,-0.8660254037844388,-0.900968867902419
453,1969-10-31,0.6729584247071035,0,1969,10,31,44,4,304,4,Fall,0.5000000000000001,-0.9009688679024191
454,1970-01-31,1.9382608944110022,0,1970,1,31,5,5,31,1,Winter,0.8660254037844387,-0.2225209339563146
455,1970-04-30,1.208070368095177,0,1970,4,30,18,3,120,2,Spring,-0.4999999999999998,-0.900968867902419
456,1970-07-31,0.2736294953022258,0,1970,7,31,31,4,212,3,Summer,-0.8660254037844388,-0.9009688679024191
457,1970-10-31,0.651531200350345,0,1970,10,31,44,5,304,4,Fall,0.5000000000000001,-0.2225209339563146
458,1971-01-31,2.4644707403584105,0,1971,1,31,4,6,31,1,Winter,0.8660254037844387,0.6234898018587334
459,1971-04-30,1.6365510808727073,0,1971,4,30,17,4,120,2,Spring,-0.4999999999999998,-0.9009688679024191
460,1971-07-31,0.499981106305759,0,1971,7,31,30,5,212,3,Summer,-0.8660254037844388,-0.2225209339563146
461,1971-10-31,0.7721928283670787,0,1971,10,31,43,6,304,4,Fall,0.5000000000000001,0.6234898018587334
462,1972-01-31,2.3330624283874135,0,1972,1,31,5,0,31,1,Winter,0.8660254037844387,1.0
463,1972-04-30,1.856772979616687,0,1972,4,30,17,6,121,2,Spring,-0.4999999999999998,0.6234898018587334
464,1972-07-31,0.43641777718069985,0,1972,7,31,31,0,213,3,Summer,-0.8660254037844388,1.0
465,1972-10-31,0.4779678721502001,0,1972,10,31,44,1,305,4,Fall,0.5000000000000001,0.6234898018587336
466,1973-01-31,2.059007593939373,0,1973,1,31,5,2,31,1,Winter,0.8660254037844387,-0.22252093395631434
467,1973-04-30,0.8582120297504857,0,1973,4,30,18,0,120,2,Spring,-0.4999999999999998,1.0
468,1973-07-31,0.45392250352326097,0,1973,7,31,31,1,212,3,Summer,-0.8660254037844388,0.6234898018587336
469,1973-10-31,0.6806899943471744,0,1973,10,31,44,2,304,4,Fall,0.5000000000000001,-0.22252093395631434
470,1974-01-31,2.8799811474556396,0,1974,1,31,5,3,31,1,Winter,0.8660254037844387,-0.900968867902419
471,1974-04-30,1.8644553290324264,0,1974,4,30,18,1,120,2,Spring,-0.4999999999999998,0.6234898018587336
472,1974-07-31,0.6366729815383151,0,1974,7,31,31,2,212,3,Summer,-0.8660254037844388,-0.22252093395631434
473,1974-10-31,0.2146975457175355,0,1974,10,31,44,3,304,4,Fall,0.5000000000000001,-0.900968867902419
474,1975-01-31,2.1238469231958255,0,1975,1,31,5,4,31,1,Winter,0.8660254037844387,-0.9009688679024191
475,1975-04-30,1.3734538599521169,0,1975,4,30,18,2,120,2,Spring,-0.4999999999999998,-0.22252093395631434
476,1975-07-31,0.4303497237771299,0,1975,7,31,31,3,212,3,Summer,-0.8660254037844388,-0.900968867902419
477,1975-10-31,1.1659451998692774,0,1975,10,31,44,4,304,4,Fall,0.5000000000000001,-0.9009688679024191
478,1976-01-31,2.278147489166271,0,1976,1,31,5,5,31,1,Winter,0.8660254037844387,-0.2225209339563146
479,1976-04-30,1.4322705568430791,0,1976,4,30,18,4,121,2,Spring,-0.4999999999999998,-0.9009688679024191
480,1976-07-31,0.41180529929274984,0,1976,7,31,31,5,213,3,Summer,-0.8660254037844388,-0.2225209339563146
481,1976-10-31,0.491294904546865,0,1976,10,31,44,6,305,4,Fall,0.5000000000000001,0.6234898018587334
482,1977-01-31,0.7176370630656952,0,1977,1,31,5,0,31,1,Winter,0.8660254037844387,1.0
483,1977-04-30,1.2281289883587614,0,1977,4,30,17,5,120,2,Spring,-0.4999999999999998,-0.2225209339563146
484,1977-07-31,0.5401039763320314,0,1977,7,31,30,6,212,3,Summer,-0.8660254037844388,0.6234898018587334
485,1977-10-31,0.8491020910822151,0,1977,10,31,44,0,304,4,Fall,0.5000000000000001,1.0
486,1978-01-31,2.166247675486881,0,1978,1,31,5,1,31,1,Winter,0.8660254037844387,0.6234898018587336
487,1978-04-30,1.1369516535181212,0,1978,4,30,17,6,120,2,Spring,-0.4999999999999998,0.6234898018587334
488,1978-07-31,0.5199054898352614,0,1978,7,31,31,0,212,3,Summer,-0.8660254037844388,1.0
489,1978-10-31,0.728695663752735,0,1978,10,31,44,1,304,4,Fall,0.5000000000000001,0.6234898018587336
490,1979-01-31,1.0754442520446668,0,1979,1,31,5,2,31,1,Winter,0.8660254037844387,-0.22252093395631434
491,1979-04-30,1.6022179083826777,0,1979,4,30,18,0,120,2,Spring,-0.4999999999999998,1.0
492,1979-07-31,0.40702269024344157,0,1979,7,31,31,1,212,3,Summer,-0.8660254037844388,0.6234898018587336
493,1979-10-31,0.8363610706181179,0,1979,10,31,44,2,304,4,Fall,0.5000000000000001,-0.22252093395631434
494,1980-01-31,1.9352835965172048,0,1980,1,31,5,3,31,1,Winter,0.8660254037844387,-0.900968867902419
495,1980-04-30,1.4180386772298295,0,1980,4,30,18,2,121,2,Spring,-0.4999999999999998,-0.22252093395631434
496,1980-07-31,0.48072779469670895,0,1980,7,31,31,3,213,3,Summer,-0.8660254037844388,-0.900968867902419
497,1980-10-31,0.47344991242361656,0,1980,10,31,44,4,305,4,Fall,0.5000000000000001,-0.9009688679024191
498,1981-01-31,1.8776748877251082,0,1981,1,31,5,5,31,1,Winter,0.8660254037844387,-0.2225209339563146
499,1981-04-30,1.4486859079463108,0,1981,4,30,18,3,120,2,Spring,-0.4999999999999998,-0.900968867902419
500,1981-07-31,0.6680907496819818,0,1981,7,31,31,4,212,3,Summer,-0.8660254037844388,-0.9009688679024191
501,1981-10-31,0.8819943407518764,0,1981,10,31,44,5,304,4,Fall,0.5000000000000001,-0.2225209339563146
502,1982-01-31,2.4764367171878345,0,1982,1,31,4,6,31,1,Winter,0.8660254037844387,0.6234898018587334
503,1982-04-30,1.834303893525978,0,1982,4,30,17,4,120,2,Spring,-0.4999999999999998,-0.9009688679024191
504,1982-07-31,0.3534499126544578,0,1982,7,31,30,5,212,3,Summer,-0.8660254037844388,-0.2225209339563146
505,1982-10-31,0.9115595601541333,0,1982,10,31,43,6,304,4,Fall,0.5000000000000001,0.6234898018587334
506,1983-01-31,2.152589831106886,0,1983,1,31,5,0,31,1,Winter,0.8660254037844387,1.0
507,1983-04-30,1.8882462451260849,0,1983,4,30,17,5,120,2,Spring,-0.4999999999999998,-0.2225209339563146
508,1983-07-31,0.8131191089362019,0,1983,7,31,30,6,212,3,Summer,-0.8660254037844388,0.6234898018587334
509,1983-10-31,0.5284026558808489,0,1983,10,31,44,0,304,4,Fall,0.5000000000000001,1.0
510,1984-01-31,2.261181516550298,0,1984,1,31,5,1,31,1,Winter,0.8660254037844387,0.6234898018587336
511,1984-04-30,1.5188792572217287,0,1984,4,30,18,0,121,2,Spring,-0.4999999999999998,1.0
512,1984-07-31,0.6859735459272375,0,1984,7,31,31,1,213,3,Summer,-0.8660254037844388,0.6234898018587336
513,1984-10-31,0.8726276167420167,0,1984,10,31,44,2,305,4,Fall,0.5000000000000001,-0.22252093395631434
514,1985-01-31,1.6196786622441108,0,1985,1,31,5,3,31,1,Winter,0.8660254037844387,-0.900968867902419
515,1985-04-30,1.0723204909612274,0,1985,4,30,18,1,120,2,Spring,-0.4999999999999998,0.6234898018587336
516,1985-07-31,0.39604915565897364,0,1985,7,31,31,2,212,3,Summer,-0.8660254037844388,-0.22252093395631434
517,1985-10-31,0.975935745167428,0,1985,10,31,44,3,304,4,Fall,0.5000000000000001,-0.900968867902419
518,1986-01-31,1.5625709135317736,0,1986,1,31,5,4,31,1,Winter,0.8660254037844387,-0.9009688679024191
519,1986-04-30,1.5557889858010518,0,1986,4,30,18,2,120,2,Spring,-0.4999999999999998,-0.22252093395631434
520,1986-07-31,0.598676760214432,0,1986,7,31,31,3,212,3,Summer,-0.8660254037844388,-0.900968867902419
521,1986-10-31,0.5939603155433061,0,1986,10,31,44,4,304,4,Fall,0.5000000000000001,-0.9009688679024191
522,1987-01-31,1.8879395388982247,0,1987,1,31,5,5,31,1,Winter,0.8660254037844387,-0.2225209339563146
523,1987-04-30,1.3358378341977457,0,1987,4,30,18,3,120,2,Spring,-0.4999999999999998,-0.900968867902419
524,1987-07-31,0.4970794025505761,0,1987,7,31,31,4,212,3,Summer,-0.8660254037844388,-0.9009688679024191
525,1987-10-31,0.12563327321736933,0,1987,10,31,44,5,304,4,Fall,0.5000000000000001,-0.2225209339563146
526,1988-01-31,1.875860148449983,0,1988,1,31,4,6,31,1,Winter,0.8660254037844387,0.6234898018587334
527,1988-04-30,1.3103188644493549,0,1988,4,30,17,5,121,2,Spring,-0.4999999999999998,-0.2225209339563146
528,1988-07-31,0.6561720331113201,0,1988,7,31,30,6,213,3,Summer,-0.8660254037844388,0.6234898018587334
529,1988-10-31,0.43431947697623013,0,1988,10,31,44,0,305,4,Fall,0.5000000000000001,1.0
530,1989-01-31,2.0267202636765735,0,1989,1,31,5,1,31,1,Winter,0.8660254037844387,0.6234898018587336
531,1989-04-30,1.3514313875944601,0,1989,4,30,17,6,120,2,Spring,-0.4999999999999998,0.6234898018587334
532,1989-07-31,0.4350189084908969,0,1989,7,31,31,0,212,3,Summer,-0.8660254037844388,1.0
533,1989-10-31,0.6036578577201961,0,1989,10,31,44,1,304,4,Fall,0.5000000000000001,0.6234898018587336
534,1990-01-31,1.859631410715767,0,1990,1,31,5,2,31,1,Winter,0.8660254037844387,-0.22252093395631434
535,1990-04-30,1.3933854636108811,0,1990,4,30,18,0,120,2,Spring,-0.4999999999999998,1.0
536,1990-07-31,0.5830718444135666,0,1990,7,31,31,1,212,3,Summer,-0.8660254037844388,0.6234898018587336
537,1990-10-31,0.8355104129219213,0,1990,10,31,44,2,304,4,Fall,0.5000000000000001,-0.22252093395631434
538,1991-01-31,1.8730529656278108,0,1991,1,31,5,3,31,1,Winter,0.8660254037844387,-0.900968867902419
539,1991-04-30,1.6824621646351563,0,1991,4,30,18,1,120,2,Spring,-0.4999999999999998,0.6234898018587336
540,1991-07-31,0.49799622547423683,0,1991,7,31,31,2,212,3,Summer,-0.8660254037844388,-0.22252093395631434
541,1991-10-31,0.49982987590951033,0,1991,10,31,44,3,304,4,Fall,0.5000000000000001,-0.900968867902419
542,1992-01-31,2.2532325564934705,0,1992,1,31,5,4,31,1,Winter,0.8660254037844387,-0.9009688679024191
543,1992-04-30,1.1555555808976077,0,1992,4,30,18,3,121,2,Spring,-0.4999999999999998,-0.900968867902419
544,1992-07-31,0.32312855006236096,0,1992,7,31,31,4,213,3,Summer,-0.8660254037844388,-0.9009688679024191
545,1992-10-31,0.6048676876826582,0,1992,10,31,44,5,305,4,Fall,0.5000000000000001,-0.2225209339563146
546,1993-01-31,1.6974480468519244,0,1993,1,31,4,6,31,1,Winter,0.8660254037844387,0.6234898018587334
547,1993-04-30,1.4594528837740042,0,1993,4,30,17,4,120,2,Spring,-0.4999999999999998,-0.9009688679024191
548,1993-07-31,0.8326748698977983,0,1993,7,31,30,5,212,3,Summer,-0.8660254037844388,-0.2225209339563146
549,1993-10-31,0.3253402714784801,0,1993,10,31,43,6,304,4,Fall,0.5000000000000001,0.6234898018587334
550,1994-01-31,1.5044423644429175,0,1994,1,31,5,0,31,1,Winter,0.8660254037844387,1.0
551,1994-04-30,1.4947142361815697,0,1994,4,30,17,5,120,2,Spring,-0.4999999999999998,-0.2225209339563146
552,1994-07-31,0.5122495352235994,0,1994,7,31,30,6,212,3,Summer,-0.8660254037844388,0.6234898018587334
553,1994-10-31,0.6549433023660023,0,1994,10,31,44,0,304,4,Fall,0.5000000000000001,1.0
554,1995-01-31,2.7498788813565853,0,1995,1,31,5,1,31,1,Winter,0.8660254037844387,0.6234898018587336
