,time,location_cluster,precipitation_diff,year,month,day,week_of_year,day_of_week,day_of_year,quarter,season,month_cos,day_of_week_cos
0,1949-04-30,0,2.0000001415610313,1949,4,30,17,5,120,2,Spring,-0.4999999999999998,-0.2225209339563146
1,1949-04-30,1,0.0,1949,4,30,17,5,120,2,Spring,-0.4999999999999998,-0.2225209339563146
2,1949-04-30,2,0.0,1949,4,30,17,5,120,2,Spring,-0.4999999999999998,-0.2225209339563146
3,1949-07-31,0,-2.1000001430511475,1949,7,31,30,6,212,3,Summer,-0.8660254037844388,0.6234898018587334
4,1949-07-31,1,0.0,1949,7,31,30,6,212,3,Summer,-0.8660254037844388,0.6234898018587334
5,1949-07-31,2,0.0,1949,7,31,30,6,212,3,Summer,-0.8660254037844388,0.6234898018587334
6,1949-10-31,1,0.0,1949,10,31,44,0,304,4,Fall,0.5000000000000001,1.0
7,1949-10-31,2,0.0,1949,10,31,44,0,304,4,Fall,0.5000000000000001,1.0
8,1949-10-31,0,0.0,1949,10,31,44,0,304,4,Fall,0.5000000000000001,1.0
9,1950-01-31,2,0.5,1950,1,31,5,1,31,1,Winter,0.8660254037844387,0.6234898018587336
10,1950-01-31,0,5.400000095367432,1950,1,31,5,1,31,1,Winter,0.8660254037844387,0.6234898018587336
11,1950-01-31,1,0.0,1950,1,31,5,1,31,1,Winter,0.8660254037844387,0.6234898018587336
12,1950-04-30,2,-0.09999999403953552,1950,4,30,17,6,120,2,Spring,-0.4999999999999998,0.6234898018587334
13,1950-04-30,0,-1.0999999046325684,1950,4,30,17,6,120,2,Spring,-0.4999999999999998,0.6234898018587334
14,1950-04-30,1,0.0,1950,4,30,17,6,120,2,Spring,-0.4999999999999998,0.6234898018587334
15,1950-07-31,2,-0.4000000059604645,1950,7,31,31,0,212,3,Summer,-0.8660254037844388,1.0
16,1950-07-31,1,0.0,1950,7,31,31,0,212,3,Summer,-0.8660254037844388,1.0
17,1950-07-31,0,-4.300000190734863,1950,7,31,31,0,212,3,Summer,-0.8660254037844388,1.0
18,1950-10-31,1,0.0,1950,10,31,44,1,304,4,Fall,0.5000000000000001,0.6234898018587336
19,1950-10-31,2,0.0,1950,10,31,44,1,304,4,Fall,0.5000000000000001,0.6234898018587336
20,1950-10-31,0,0.0,1950,10,31,44,1,304,4,Fall,0.5000000000000001,0.6234898018587336
21,1951-01-31,1,0.1000000014901161,1951,1,31,5,2,31,1,Winter,0.8660254037844387,-0.22252093395631434
22,1951-01-31,2,1.0,1951,1,31,5,2,31,1,Winter,0.8660254037844387,-0.22252093395631434
23,1951-01-31,0,6.5,1951,1,31,5,2,31,1,Winter,0.8660254037844387,-0.22252093395631434
24,1951-04-30,2,-1.0,1951,4,30,18,0,120,2,Spring,-0.4999999999999998,1.0
25,1951-04-30,0,-6.0999999940395355,1951,4,30,18,0,120,2,Spring,-0.4999999999999998,1.0
26,1951-04-30,1,-0.1000000014901161,1951,4,30,18,0,120,2,Spring,-0.4999999999999998,1.0
27,1951-07-31,0,-0.4000000059604645,1951,7,31,31,1,212,3,Summer,-0.8660254037844388,0.6234898018587336
28,1951-07-31,1,0.0,1951,7,31,31,1,212,3,Summer,-0.8660254037844388,0.6234898018587336
29,1951-07-31,2,0.0,1951,7,31,31,1,212,3,Summer,-0.8660254037844388,0.6234898018587336
30,1951-10-31,0,0.0,1951,10,31,44,2,304,4,Fall,0.5000000000000001,-0.22252093395631434
31,1951-10-31,1,0.0,1951,10,31,44,2,304,4,Fall,0.5000000000000001,-0.22252093395631434
32,1951-10-31,2,0.0,1951,10,31,44,2,304,4,Fall,0.5000000000000001,-0.22252093395631434
33,1952-01-31,1,0.1000000014901161,1952,1,31,5,3,31,1,Winter,0.8660254037844387,-0.900968867902419
34,1952-01-31,2,0.5,1952,1,31,5,3,31,1,Winter,0.8660254037844387,-0.900968867902419
35,1952-01-31,0,4.400000095367432,1952,1,31,5,3,31,1,Winter,0.8660254037844387,-0.900968867902419
36,1952-04-30,2,-0.5,1952,4,30,18,2,121,2,Spring,-0.4999999999999998,-0.22252093395631434
37,1952-04-30,0,-3.0000001192092896,1952,4,30,18,2,121,2,Spring,-0.4999999999999998,-0.22252093395631434
38,1952-04-30,1,-0.1000000014901161,1952,4,30,18,2,121,2,Spring,-0.4999999999999998,-0.22252093395631434
39,1952-07-31,2,0.0,1952,7,31,31,3,213,3,Summer,-0.8660254037844388,-0.900968867902419
40,1952-07-31,0,-1.399999976158142,1952,7,31,31,3,213,3,Summer,-0.8660254037844388,-0.900968867902419
41,1952-07-31,1,0.0,1952,7,31,31,3,213,3,Summer,-0.8660254037844388,-0.900968867902419
42,1952-10-31,0,0.0,1952,10,31,44,4,305,4,Fall,0.5000000000000001,-0.9009688679024191
43,1952-10-31,1,0.0,1952,10,31,44,4,305,4,Fall,0.5000000000000001,-0.9009688679024191
44,1952-10-31,2,0.0,1952,10,31,44,4,305,4,Fall,0.5000000000000001,-0.9009688679024191
45,1953-01-31,1,0.0,1953,1,31,5,5,31,1,Winter,0.8660254037844387,-0.2225209339563146
46,1953-01-31,2,0.5,1953,1,31,5,5,31,1,Winter,0.8660254037844387,-0.2225209339563146
47,1953-01-31,0,4.750000238418579,1953,1,31,5,5,31,1,Winter,0.8660254037844387,-0.2225209339563146
48,1953-04-30,1,0.0,1953,4,30,18,3,120,2,Spring,-0.4999999999999998,-0.900968867902419
49,1953-04-30,2,-0.5,1953,4,30,18,3,120,2,Spring,-0.4999999999999998,-0.900968867902419
50,1953-04-30,0,-2.350000143051147,1953,4,30,18,3,120,2,Spring,-0.4999999999999998,-0.900968867902419
51,1953-07-31,1,0.0,1953,7,31,31,4,212,3,Summer,-0.8660254037844388,-0.9009688679024191
52,1953-07-31,0,-2.300000093877316,1953,7,31,31,4,212,3,Summer,-0.8660254037844388,-0.9009688679024191
53,1953-07-31,2,0.0,1953,7,31,31,4,212,3,Summer,-0.8660254037844388,-0.9009688679024191
54,1953-10-31,0,-0.1000000014901161,1953,10,31,44,5,304,4,Fall,0.5000000000000001,-0.2225209339563146
55,1953-10-31,2,0.0,1953,10,31,44,5,304,4,Fall,0.5000000000000001,-0.2225209339563146
56,1953-10-31,1,0.0,1953,10,31,44,5,304,4,Fall,0.5000000000000001,-0.2225209339563146
57,1954-01-31,0,7.700000286102295,1954,1,31,4,6,31,1,Winter,0.8660254037844387,0.6234898018587334
58,1954-01-31,2,0.800000011920929,1954,1,31,4,6,31,1,Winter,0.8660254037844387,0.6234898018587334
59,1954-01-31,1,0.0,1954,1,31,4,6,31,1,Winter,0.8660254037844387,0.6234898018587334
60,1954-04-30,0,-7.3000002801418304,1954,4,30,17,4,120,2,Spring,-0.4999999999999998,-0.9009688679024191
61,1954-04-30,2,-0.800000011920929,1954,4,30,17,4,120,2,Spring,-0.4999999999999998,-0.9009688679024191
62,1954-04-30,1,0.0,1954,4,30,17,4,120,2,Spring,-0.4999999999999998,-0.9009688679024191
63,1954-07-31,0,-0.4000000059604645,1954,7,31,30,5,212,3,Summer,-0.8660254037844388,-0.2225209339563146
64,1954-07-31,2,0.0,1954,7,31,30,5,212,3,Summer,-0.8660254037844388,-0.2225209339563146
65,1954-07-31,1,0.0,1954,7,31,30,5,212,3,Summer,-0.8660254037844388,-0.2225209339563146
66,1954-10-31,2,0.0,1954,10,31,43,6,304,4,Fall,0.5000000000000001,0.6234898018587334
67,1954-10-31,1,0.0,1954,10,31,43,6,304,4,Fall,0.5000000000000001,0.6234898018587334
68,1954-10-31,0,0.1000000014901161,1954,10,31,43,6,304,4,Fall,0.5000000000000001,0.6234898018587334
69,1955-01-31,1,0.0,1955,1,31,5,0,31,1,Winter,0.8660254037844387,1.0
70,1955-01-31,2,0.1000000014901161,1955,1,31,5,0,31,1,Winter,0.8660254037844387,1.0
71,1955-01-31,0,2.699999950826168,1955,1,31,5,0,31,1,Winter,0.8660254037844387,1.0
72,1955-04-30,1,0.0,1955,4,30,17,5,120,2,Spring,-0.4999999999999998,-0.2225209339563146
73,1955-04-30,2,-0.1000000014901161,1955,4,30,17,5,120,2,Spring,-0.4999999999999998,-0.2225209339563146
74,1955-04-30,0,-0.19999980926513672,1955,4,30,17,5,120,2,Spring,-0.4999999999999998,-0.2225209339563146
75,1955-07-31,2,0.0,1955,7,31,30,6,212,3,Summer,-0.8660254037844388,0.6234898018587334
76,1955-07-31,0,-2.6000001430511475,1955,7,31,30,6,212,3,Summer,-0.8660254037844388,0.6234898018587334
77,1955-07-31,1,0.0,1955,7,31,30,6,212,3,Summer,-0.8660254037844388,0.6234898018587334
78,1955-10-31,0,0.0,1955,10,31,44,0,304,4,Fall,0.5000000000000001,1.0
79,1955-10-31,1,0.0,1955,10,31,44,0,304,4,Fall,0.5000000000000001,1.0
80,1955-10-31,2,0.0,1955,10,31,44,0,304,4,Fall,0.5000000000000001,1.0
81,1956-01-31,0,8.0,1956,1,31,5,1,31,1,Winter,0.8660254037844387,0.6234898018587336
82,1956-01-31,1,0.5,1956,1,31,5,1,31,1,Winter,0.8660254037844387,0.6234898018587336
83,1956-01-31,2,1.399999976158142,1956,1,31,5,1,31,1,Winter,0.8660254037844387,0.6234898018587336
84,1956-04-30,0,-6.600000023841858,1956,4,30,18,0,121,2,Spring,-0.4999999999999998,1.0
85,1956-04-30,2,-1.399999976158142,1956,4,30,18,0,121,2,Spring,-0.4999999999999998,1.0
86,1956-04-30,1,-0.5,1956,4,30,18,0,121,2,Spring,-0.4999999999999998,1.0
87,1956-07-31,2,0.0,1956,7,31,31,1,213,3,Summer,-0.8660254037844388,0.6234898018587336
88,1956-07-31,0,-1.399999976158142,1956,7,31,31,1,213,3,Summer,-0.8660254037844388,0.6234898018587336
89,1956-07-31,1,0.0,1956,7,31,31,1,213,3,Summer,-0.8660254037844388,0.6234898018587336
90,1956-10-31,2,0.0,1956,10,31,44,2,305,4,Fall,0.5000000000000001,-0.22252093395631434
91,1956-10-31,0,0.0,1956,10,31,44,2,305,4,Fall,0.5000000000000001,-0.22252093395631434
92,1956-10-31,1,0.0,1956,10,31,44,2,305,4,Fall,0.5000000000000001,-0.22252093395631434
93,1957-01-31,0,1.0,1957,1,31,5,3,31,1,Winter,0.8660254037844387,-0.900968867902419
94,1957-01-31,1,0.0,1957,1,31,5,3,31,1,Winter,0.8660254037844387,-0.900968867902419
95,1957-01-31,2,0.0,1957,1,31,5,3,31,1,Winter,0.8660254037844387,-0.900968867902419
96,1957-04-30,1,0.0,1957,4,30,18,1,120,2,Spring,-0.4999999999999998,0.6234898018587336
97,1957-04-30,2,0.0,1957,4,30,18,1,120,2,Spring,-0.4999999999999998,0.6234898018587336
98,1957-04-30,0,1.400000095367432,1957,4,30,18,1,120,2,Spring,-0.4999999999999998,0.6234898018587336
99,1957-07-31,1,0.0,1957,7,31,31,2,212,3,Summer,-0.8660254037844388,-0.22252093395631434
100,1957-07-31,2,0.0,1957,7,31,31,2,212,3,Summer,-0.8660254037844388,-0.22252093395631434
101,1957-07-31,0,-2.400000095367432,1957,7,31,31,2,212,3,Summer,-0.8660254037844388,-0.22252093395631434
102,1957-10-31,2,0.0,1957,10,31,44,3,304,4,Fall,0.5000000000000001,-0.900968867902419
103,1957-10-31,0,0.0,1957,10,31,44,3,304,4,Fall,0.5000000000000001,-0.900968867902419
104,1957-10-31,1,0.0,1957,10,31,44,3,304,4,Fall,0.5000000000000001,-0.900968867902419
105,1958-01-31,0,4.0,1958,1,31,5,4,31,1,Winter,0.8660254037844387,-0.9009688679024191
106,1958-01-31,1,0.0,1958,1,31,5,4,31,1,Winter,0.8660254037844387,-0.9009688679024191
107,1958-01-31,2,0.2000000029802322,1958,1,31,5,4,31,1,Winter,0.8660254037844387,-0.9009688679024191
108,1958-04-30,0,-1.0,1958,4,30,18,2,120,2,Spring,-0.4999999999999998,-0.22252093395631434
109,1958-04-30,1,0.1000000014901161,1958,4,30,18,2,120,2,Spring,-0.4999999999999998,-0.22252093395631434
110,1958-04-30,2,0.40000002086162567,1958,4,30,18,2,120,2,Spring,-0.4999999999999998,-0.22252093395631434
111,1958-07-31,1,-0.1000000014901161,1958,7,31,31,3,212,3,Summer,-0.8660254037844388,-0.900968867902419
112,1958-07-31,2,-0.6000000238418579,1958,7,31,31,3,212,3,Summer,-0.8660254037844388,-0.900968867902419
113,1958-07-31,0,-3.0,1958,7,31,31,3,212,3,Summer,-0.8660254037844388,-0.900968867902419
114,1958-10-31,2,0.0,1958,10,31,44,4,304,4,Fall,0.5000000000000001,-0.9009688679024191
115,1958-10-31,0,0.0,1958,10,31,44,4,304,4,Fall,0.5000000000000001,-0.9009688679024191
116,1958-10-31,1,0.0,1958,10,31,44,4,304,4,Fall,0.5000000000000001,-0.9009688679024191
117,1959-01-31,2,1.2000000476837158,1959,1,31,5,5,31,1,Winter,0.8660254037844387,-0.2225209339563146
118,1959-01-31,0,5.900000095367432,1959,1,31,5,5,31,1,Winter,0.8660254037844387,-0.2225209339563146
119,1959-01-31,1,0.0,1959,1,31,5,5,31,1,Winter,0.8660254037844387,-0.2225209339563146
120,1959-04-30,2,-1.2000000476837158,1959,4,30,18,3,120,2,Spring,-0.4999999999999998,-0.900968867902419
121,1959-04-30,1,0.0,1959,4,30,18,3,120,2,Spring,-0.4999999999999998,-0.900968867902419
122,1959-04-30,0,-4.100000023841858,1959,4,30,18,3,120,2,Spring,-0.4999999999999998,-0.900968867902419
123,1959-07-31,1,0.0,1959,7,31,31,4,212,3,Summer,-0.8660254037844388,-0.9009688679024191
124,1959-07-31,0,-1.8000000715255735,1959,7,31,31,4,212,3,Summer,-0.8660254037844388,-0.9009688679024191
125,1959-07-31,2,0.0,1959,7,31,31,4,212,3,Summer,-0.8660254037844388,-0.9009688679024191
126,1959-10-31,1,0.0,1959,10,31,44,5,304,4,Fall,0.5000000000000001,-0.2225209339563146
127,1959-10-31,0,0.1000000014901161,1959,10,31,44,5,304,4,Fall,0.5000000000000001,-0.2225209339563146
128,1959-10-31,2,0.0,1959,10,31,44,5,304,4,Fall,0.5000000000000001,-0.2225209339563146
129,1960-01-31,1,0.0,1960,1,31,4,6,31,1,Winter,0.8660254037844387,0.6234898018587334
130,1960-01-31,0,1.6000000461935997,1960,1,31,4,6,31,1,Winter,0.8660254037844387,0.6234898018587334
131,1960-01-31,2,0.0,1960,1,31,4,6,31,1,Winter,0.8660254037844387,0.6234898018587334
132,1960-04-30,1,0.0,1960,4,30,17,5,121,2,Spring,-0.4999999999999998,-0.2225209339563146
133,1960-04-30,0,1.5,1960,4,30,17,5,121,2,Spring,-0.4999999999999998,-0.2225209339563146
134,1960-04-30,2,0.0,1960,4,30,17,5,121,2,Spring,-0.4999999999999998,-0.2225209339563146
135,1960-07-31,1,0.0,1960,7,31,30,6,213,3,Summer,-0.8660254037844388,0.6234898018587334
136,1960-07-31,2,0.0,1960,7,31,30,6,213,3,Summer,-0.8660254037844388,0.6234898018587334
137,1960-07-31,0,-3.200000047683716,1960,7,31,30,6,213,3,Summer,-0.8660254037844388,0.6234898018587334
138,1960-10-31,2,0.0,1960,10,31,44,0,305,4,Fall,0.5000000000000001,1.0
139,1960-10-31,0,0.0,1960,10,31,44,0,305,4,Fall,0.5000000000000001,1.0
140,1960-10-31,1,0.0,1960,10,31,44,0,305,4,Fall,0.5000000000000001,1.0
141,1961-01-31,2,0.0,1961,1,31,5,1,31,1,Winter,0.8660254037844387,0.6234898018587336
142,1961-01-31,0,2.1000001430511475,1961,1,31,5,1,31,1,Winter,0.8660254037844387,0.6234898018587336
143,1961-01-31,1,0.0,1961,1,31,5,1,31,1,Winter,0.8660254037844387,0.6234898018587336
144,1961-04-30,0,4.1000001430511475,1961,4,30,17,6,120,2,Spring,-0.4999999999999998,0.6234898018587334
145,1961-04-30,1,0.0,1961,4,30,17,6,120,2,Spring,-0.4999999999999998,0.6234898018587334
146,1961-04-30,2,0.800000011920929,1961,4,30,17,6,120,2,Spring,-0.4999999999999998,0.6234898018587334
147,1961-07-31,1,0.0,1961,7,31,31,0,212,3,Summer,-0.8660254037844388,1.0
148,1961-07-31,2,-0.800000011920929,1961,7,31,31,0,212,3,Summer,-0.8660254037844388,1.0
149,1961-07-31,0,-6.200000286102295,1961,7,31,31,0,212,3,Summer,-0.8660254037844388,1.0
150,1961-10-31,1,0.0,1961,10,31,44,1,304,4,Fall,0.5000000000000001,0.6234898018587336
151,1961-10-31,2,0.0,1961,10,31,44,1,304,4,Fall,0.5000000000000001,0.6234898018587336
152,1961-10-31,0,0.0,1961,10,31,44,1,304,4,Fall,0.5000000000000001,0.6234898018587336
153,1962-01-31,1,0.0,1962,1,31,5,2,31,1,Winter,0.8660254037844387,-0.22252093395631434
154,1962-01-31,0,2.200000047683716,1962,1,31,5,2,31,1,Winter,0.8660254037844387,-0.22252093395631434
155,1962-01-31,2,0.1000000014901161,1962,1,31,5,2,31,1,Winter,0.8660254037844387,-0.22252093395631434
156,1962-04-30,0,-0.5,1962,4,30,18,0,120,2,Spring,-0.4999999999999998,1.0
157,1962-04-30,1,0.0,1962,4,30,18,0,120,2,Spring,-0.4999999999999998,1.0
158,1962-04-30,2,-0.1000000014901161,1962,4,30,18,0,120,2,Spring,-0.4999999999999998,1.0
159,1962-07-31,0,-1.7000000476837158,1962,7,31,31,1,212,3,Summer,-0.8660254037844388,0.6234898018587336
160,1962-07-31,1,0.0,1962,7,31,31,1,212,3,Summer,-0.8660254037844388,0.6234898018587336
161,1962-07-31,2,0.0,1962,7,31,31,1,212,3,Summer,-0.8660254037844388,0.6234898018587336
162,1962-10-31,1,0.0,1962,10,31,44,2,304,4,Fall,0.5000000000000001,-0.22252093395631434
163,1962-10-31,2,0.0,1962,10,31,44,2,304,4,Fall,0.5000000000000001,-0.22252093395631434
164,1962-10-31,0,0.0,1962,10,31,44,2,304,4,Fall,0.5000000000000001,-0.22252093395631434
165,1963-01-31,2,0.1000000014901161,1963,1,31,5,3,31,1,Winter,0.8660254037844387,-0.900968867902419
166,1963-01-31,0,1.5,1963,1,31,5,3,31,1,Winter,0.8660254037844387,-0.900968867902419
167,1963-01-31,1,0.0,1963,1,31,5,3,31,1,Winter,0.8660254037844387,-0.900968867902419
168,1963-04-30,2,0.0,1963,4,30,18,1,120,2,Spring,-0.4999999999999998,0.6234898018587336
169,1963-04-30,0,1.400000095367432,1963,4,30,18,1,120,2,Spring,-0.4999999999999998,0.6234898018587336
170,1963-04-30,1,0.0,1963,4,30,18,1,120,2,Spring,-0.4999999999999998,0.6234898018587336
171,1963-07-31,0,-2.900000095367432,1963,7,31,31,2,212,3,Summer,-0.8660254037844388,-0.22252093395631434
172,1963-07-31,1,0.0,1963,7,31,31,2,212,3,Summer,-0.8660254037844388,-0.22252093395631434
173,1963-07-31,2,-0.1000000014901161,1963,7,31,31,2,212,3,Summer,-0.8660254037844388,-0.22252093395631434
174,1963-10-31,1,0.0,1963,10,31,44,3,304,4,Fall,0.5000000000000001,-0.900968867902419
175,1963-10-31,2,0.0,1963,10,31,44,3,304,4,Fall,0.5000000000000001,-0.900968867902419
176,1963-10-31,0,0.1000000014901161,1963,10,31,44,3,304,4,Fall,0.5000000000000001,-0.900968867902419
177,1964-01-31,1,0.0,1964,1,31,5,4,31,1,Winter,0.8660254037844387,-0.9009688679024191
178,1964-01-31,2,1.0,1964,1,31,5,4,31,1,Winter,0.8660254037844387,-0.9009688679024191
179,1964-01-31,0,6.899999998509884,1964,1,31,5,4,31,1,Winter,0.8660254037844387,-0.9009688679024191
180,1964-04-30,2,-1.0,1964,4,30,18,3,121,2,Spring,-0.4999999999999998,-0.900968867902419
181,1964-04-30,0,-5.299999952316284,1964,4,30,18,3,121,2,Spring,-0.4999999999999998,-0.900968867902419
182,1964-04-30,1,0.0,1964,4,30,18,3,121,2,Spring,-0.4999999999999998,-0.900968867902419
183,1964-07-31,0,-1.5000000447034836,1964,7,31,31,4,213,3,Summer,-0.8660254037844388,-0.9009688679024191
184,1964-07-31,1,0.0,1964,7,31,31,4,213,3,Summer,-0.8660254037844388,-0.9009688679024191
185,1964-07-31,2,0.0,1964,7,31,31,4,213,3,Summer,-0.8660254037844388,-0.9009688679024191
186,1964-10-31,0,-0.1000000014901161,1964,10,31,44,5,305,4,Fall,0.5000000000000001,-0.2225209339563146
187,1964-10-31,1,0.0,1964,10,31,44,5,305,4,Fall,0.5000000000000001,-0.2225209339563146
188,1964-10-31,2,0.0,1964,10,31,44,5,305,4,Fall,0.5000000000000001,-0.2225209339563146
189,1965-01-31,0,6.8000000938773155,1965,1,31,4,6,31,1,Winter,0.8660254037844387,0.6234898018587334
190,1965-01-31,2,1.100000023841858,1965,1,31,4,6,31,1,Winter,0.8660254037844387,0.6234898018587334
191,1965-01-31,1,0.5,1965,1,31,4,6,31,1,Winter,0.8660254037844387,0.6234898018587334
192,1965-04-30,2,-1.100000023841858,1965,4,30,17,4,120,2,Spring,-0.4999999999999998,-0.9009688679024191
193,1965-04-30,1,-0.5,1965,4,30,17,4,120,2,Spring,-0.4999999999999998,-0.9009688679024191
194,1965-04-30,0,-6.600000083446503,1965,4,30,17,4,120,2,Spring,-0.4999999999999998,-0.9009688679024191
195,1965-07-31,2,0.0,1965,7,31,30,5,212,3,Summer,-0.8660254037844388,-0.2225209339563146
196,1965-07-31,1,0.0,1965,7,31,30,5,212,3,Summer,-0.8660254037844388,-0.2225209339563146
197,1965-07-31,0,-0.3000000119209289,1965,7,31,30,5,212,3,Summer,-0.8660254037844388,-0.2225209339563146
198,1965-10-31,2,0.0,1965,10,31,43,6,304,4,Fall,0.5000000000000001,0.6234898018587334
199,1965-10-31,1,0.0,1965,10,31,43,6,304,4,Fall,0.5000000000000001,0.6234898018587334
200,1965-10-31,0,0.0,1965,10,31,43,6,304,4,Fall,0.5000000000000001,0.6234898018587334
201,1966-01-31,2,0.5,1966,1,31,5,0,31,1,Winter,0.8660254037844387,1.0
202,1966-01-31,1,0.0,1966,1,31,5,0,31,1,Winter,0.8660254037844387,1.0
203,1966-01-31,0,5.400000095367432,1966,1,31,5,0,31,1,Winter,0.8660254037844387,1.0
204,1966-04-30,1,0.0,1966,4,30,17,5,120,2,Spring,-0.4999999999999998,-0.2225209339563146
205,1966-04-30,0,-4.300000071525574,1966,4,30,17,5,120,2,Spring,-0.4999999999999998,-0.2225209339563146
206,1966-04-30,2,-0.5,1966,4,30,17,5,120,2,Spring,-0.4999999999999998,-0.2225209339563146
207,1966-07-31,0,-1.100000023841858,1966,7,31,30,6,212,3,Summer,-0.8660254037844388,0.6234898018587334
208,1966-07-31,1,0.0,1966,7,31,30,6,212,3,Summer,-0.8660254037844388,0.6234898018587334
209,1966-07-31,2,0.0,1966,7,31,30,6,212,3,Summer,-0.8660254037844388,0.6234898018587334
210,1966-10-31,0,0.0,1966,10,31,44,0,304,4,Fall,0.5000000000000001,1.0
211,1966-10-31,1,0.0,1966,10,31,44,0,304,4,Fall,0.5000000000000001,1.0
212,1966-10-31,2,0.0,1966,10,31,44,0,304,4,Fall,0.5000000000000001,1.0
213,1967-01-31,1,0.1000000014901161,1967,1,31,5,1,31,1,Winter,0.8660254037844387,0.6234898018587336
214,1967-01-31,2,1.100000023841858,1967,1,31,5,1,31,1,Winter,0.8660254037844387,0.6234898018587336
215,1967-01-31,0,7.5,1967,1,31,5,1,31,1,Winter,0.8660254037844387,0.6234898018587336
216,1967-04-30,2,-1.100000023841858,1967,4,30,17,6,120,2,Spring,-0.4999999999999998,0.6234898018587334
217,1967-04-30,0,-5.0,1967,4,30,17,6,120,2,Spring,-0.4999999999999998,0.6234898018587334
218,1967-04-30,1,-0.1000000014901161,1967,4,30,17,6,120,2,Spring,-0.4999999999999998,0.6234898018587334
219,1967-07-31,2,0.0,1967,7,31,31,0,212,3,Summer,-0.8660254037844388,1.0
220,1967-07-31,0,-2.5,1967,7,31,31,0,212,3,Summer,-0.8660254037844388,1.0
221,1967-07-31,1,0.0,1967,7,31,31,0,212,3,Summer,-0.8660254037844388,1.0
222,1967-10-31,2,0.0,1967,10,31,44,1,304,4,Fall,0.5000000000000001,0.6234898018587336
223,1967-10-31,1,0.0,1967,10,31,44,1,304,4,Fall,0.5000000000000001,0.6234898018587336
224,1967-10-31,0,0.0,1967,10,31,44,1,304,4,Fall,0.5000000000000001,0.6234898018587336
225,1968-01-31,1,0.0,1968,1,31,5,2,31,1,Winter,0.8660254037844387,-0.22252093395631434
226,1968-01-31,2,0.3000000119209289,1968,1,31,5,2,31,1,Winter,0.8660254037844387,-0.22252093395631434
227,1968-01-31,0,2.6000001430511475,1968,1,31,5,2,31,1,Winter,0.8660254037844387,-0.22252093395631434
228,1968-04-30,1,0.0,1968,4,30,18,1,121,2,Spring,-0.4999999999999998,0.6234898018587336
229,1968-04-30,2,-0.3000000119209289,1968,4,30,18,1,121,2,Spring,-0.4999999999999998,0.6234898018587336
230,1968-04-30,0,-1.5000001192092896,1968,4,30,18,1,121,2,Spring,-0.4999999999999998,0.6234898018587336
231,1968-07-31,2,0.0,1968,7,31,31,2,213,3,Summer,-0.8660254037844388,-0.22252093395631434
232,1968-07-31,0,-1.100000023841858,1968,7,31,31,2,213,3,Summer,-0.8660254037844388,-0.22252093395631434
233,1968-07-31,1,0.0,1968,7,31,31,2,213,3,Summer,-0.8660254037844388,-0.22252093395631434
234,1968-10-31,0,0.4000000059604645,1968,10,31,44,3,305,4,Fall,0.5000000000000001,-0.900968867902419
235,1968-10-31,1,0.0,1968,10,31,44,3,305,4,Fall,0.5000000000000001,-0.900968867902419
236,1968-10-31,2,0.0,1968,10,31,44,3,305,4,Fall,0.5000000000000001,-0.900968867902419
237,1969-01-31,0,7.0999999940395355,1969,1,31,5,4,31,1,Winter,0.8660254037844387,-0.9009688679024191
238,1969-01-31,1,0.4000000059604645,1969,1,31,5,4,31,1,Winter,0.8660254037844387,-0.9009688679024191
239,1969-01-31,2,1.399999976158142,1969,1,31,5,4,31,1,Winter,0.8660254037844387,-0.9009688679024191
240,1969-04-30,1,-0.4000000059604645,1969,4,30,18,2,120,2,Spring,-0.4999999999999998,-0.22252093395631434
241,1969-04-30,2,-1.399999976158142,1969,4,30,18,2,120,2,Spring,-0.4999999999999998,-0.22252093395631434
242,1969-04-30,0,-6.299999952316284,1969,4,30,18,2,120,2,Spring,-0.4999999999999998,-0.22252093395631434
243,1969-07-31,2,0.0,1969,7,31,31,3,212,3,Summer,-0.8660254037844388,-0.900968867902419
244,1969-07-31,0,-1.2000000476837158,1969,7,31,31,3,212,3,Summer,-0.8660254037844388,-0.900968867902419
245,1969-07-31,1,0.0,1969,7,31,31,3,212,3,Summer,-0.8660254037844388,-0.900968867902419
246,1969-10-31,2,0.0,1969,10,31,44,4,304,4,Fall,0.5000000000000001,-0.9009688679024191
247,1969-10-31,0,0.0,1969,10,31,44,4,304,4,Fall,0.5000000000000001,-0.9009688679024191
248,1969-10-31,1,0.0,1969,10,31,44,4,304,4,Fall,0.5000000000000001,-0.9009688679024191
249,1970-01-31,0,3.900000095367432,1970,1,31,5,5,31,1,Winter,0.8660254037844387,-0.2225209339563146
250,1970-01-31,1,0.0,1970,1,31,5,5,31,1,Winter,0.8660254037844387,-0.2225209339563146
251,1970-01-31,2,0.3000000119209289,1970,1,31,5,5,31,1,Winter,0.8660254037844387,-0.2225209339563146
252,1970-04-30,1,0.0,1970,4,30,18,3,120,2,Spring,-0.4999999999999998,-0.900968867902419
253,1970-04-30,2,-0.3000000119209289,1970,4,30,18,3,120,2,Spring,-0.4999999999999998,-0.900968867902419
254,1970-04-30,0,-3.100000083446503,1970,4,30,18,3,120,2,Spring,-0.4999999999999998,-0.900968867902419
255,1970-07-31,1,0.0,1970,7,31,31,4,212,3,Summer,-0.8660254037844388,-0.9009688679024191
256,1970-07-31,2,0.0,1970,7,31,31,4,212,3,Summer,-0.8660254037844388,-0.9009688679024191
257,1970-07-31,0,-0.800000011920929,1970,7,31,31,4,212,3,Summer,-0.8660254037844388,-0.9009688679024191
258,1970-10-31,1,0.0,1970,10,31,44,5,304,4,Fall,0.5000000000000001,-0.2225209339563146
259,1970-10-31,0,0.0,1970,10,31,44,5,304,4,Fall,0.5000000000000001,-0.2225209339563146
260,1970-10-31,2,0.0,1970,10,31,44,5,304,4,Fall,0.5000000000000001,-0.2225209339563146
261,1971-01-31,0,6.599999904632568,1971,1,31,4,6,31,1,Winter,0.8660254037844387,0.6234898018587334
262,1971-01-31,2,0.9000000357627869,1971,1,31,4,6,31,1,Winter,0.8660254037844387,0.6234898018587334
263,1971-01-31,1,0.2000000029802322,1971,1,31,4,6,31,1,Winter,0.8660254037844387,0.6234898018587334
264,1971-04-30,0,-3.3999998569488525,1971,4,30,17,4,120,2,Spring,-0.4999999999999998,-0.9009688679024191
265,1971-04-30,2,-0.8000000342726707,1971,4,30,17,4,120,2,Spring,-0.4999999999999998,-0.9009688679024191
266,1971-04-30,1,-0.2000000029802322,1971,4,30,17,4,120,2,Spring,-0.4999999999999998,-0.9009688679024191
267,1971-07-31,0,-3.200000047683716,1971,7,31,30,5,212,3,Summer,-0.8660254037844388,-0.2225209339563146
268,1971-07-31,2,-0.1000000014901161,1971,7,31,30,5,212,3,Summer,-0.8660254037844388,-0.2225209339563146
269,1971-07-31,1,0.0,1971,7,31,30,5,212,3,Summer,-0.8660254037844388,-0.2225209339563146
270,1971-10-31,0,0.0,1971,10,31,43,6,304,4,Fall,0.5000000000000001,0.6234898018587334
271,1971-10-31,2,0.0,1971,10,31,43,6,304,4,Fall,0.5000000000000001,0.6234898018587334
272,1971-10-31,1,0.0,1971,10,31,43,6,304,4,Fall,0.5000000000000001,0.6234898018587334
273,1972-01-31,2,0.9000000357627869,1972,1,31,5,0,31,1,Winter,0.8660254037844387,1.0
274,1972-01-31,1,0.0,1972,1,31,5,0,31,1,Winter,0.8660254037844387,1.0
275,1972-01-31,0,5.900000095367432,1972,1,31,5,0,31,1,Winter,0.8660254037844387,1.0
276,1972-04-30,1,0.0,1972,4,30,17,6,121,2,Spring,-0.4999999999999998,0.6234898018587334
277,1972-04-30,2,-0.7000000327825546,1972,4,30,17,6,121,2,Spring,-0.4999999999999998,0.6234898018587334
278,1972-04-30,0,-1.1999998092651367,1972,4,30,17,6,121,2,Spring,-0.4999999999999998,0.6234898018587334
279,1972-07-31,1,0.0,1972,7,31,31,0,213,3,Summer,-0.8660254037844388,1.0
280,1972-07-31,2,-0.2000000029802322,1972,7,31,31,0,213,3,Summer,-0.8660254037844388,1.0
281,1972-07-31,0,-4.700000286102295,1972,7,31,31,0,213,3,Summer,-0.8660254037844388,1.0
282,1972-10-31,2,0.0,1972,10,31,44,1,305,4,Fall,0.5000000000000001,0.6234898018587336
283,1972-10-31,0,0.0,1972,10,31,44,1,305,4,Fall,0.5000000000000001,0.6234898018587336
284,1972-10-31,1,0.0,1972,10,31,44,1,305,4,Fall,0.5000000000000001,0.6234898018587336
285,1973-01-31,0,3.799999952316284,1973,1,31,5,2,31,1,Winter,0.8660254037844387,-0.22252093395631434
286,1973-01-31,1,0.1000000014901161,1973,1,31,5,2,31,1,Winter,0.8660254037844387,-0.22252093395631434
287,1973-01-31,2,0.3000000119209289,1973,1,31,5,2,31,1,Winter,0.8660254037844387,-0.22252093395631434
288,1973-04-30,0,-3.1999999284744263,1973,4,30,18,0,120,2,Spring,-0.4999999999999998,1.0
289,1973-04-30,1,-0.1000000014901161,1973,4,30,18,0,120,2,Spring,-0.4999999999999998,1.0
290,1973-04-30,2,-0.3000000119209289,1973,4,30,18,0,120,2,Spring,-0.4999999999999998,1.0
291,1973-07-31,0,-0.6000000238418579,1973,7,31,31,1,212,3,Summer,-0.8660254037844388,0.6234898018587336
292,1973-07-31,2,0.0,1973,7,31,31,1,212,3,Summer,-0.8660254037844388,0.6234898018587336
293,1973-07-31,1,0.0,1973,7,31,31,1,212,3,Summer,-0.8660254037844388,0.6234898018587336
294,1973-10-31,2,0.0,1973,10,31,44,2,304,4,Fall,0.5000000000000001,-0.22252093395631434
295,1973-10-31,0,0.0,1973,10,31,44,2,304,4,Fall,0.5000000000000001,-0.22252093395631434
296,1973-10-31,1,0.0,1973,10,31,44,2,304,4,Fall,0.5000000000000001,-0.22252093395631434
297,1974-01-31,2,2.200000047683716,1974,1,31,5,3,31,1,Winter,0.8660254037844387,-0.900968867902419
298,1974-01-31,0,9.699999809265137,1974,1,31,5,3,31,1,Winter,0.8660254037844387,-0.900968867902419
299,1974-01-31,1,0.5,1974,1,31,5,3,31,1,Winter,0.8660254037844387,-0.900968867902419
300,1974-04-30,0,-5.599999904632568,1974,4,30,18,1,120,2,Spring,-0.4999999999999998,0.6234898018587336
301,1974-04-30,1,-0.5,1974,4,30,18,1,120,2,Spring,-0.4999999999999998,0.6234898018587336
302,1974-04-30,2,-2.0000000447034836,1974,4,30,18,1,120,2,Spring,-0.4999999999999998,0.6234898018587336
303,1974-07-31,1,0.0,1974,7,31,31,2,212,3,Summer,-0.8660254037844388,-0.22252093395631434
304,1974-07-31,2,-0.2000000029802322,1974,7,31,31,2,212,3,Summer,-0.8660254037844388,-0.22252093395631434
305,1974-07-31,0,-4.099999904632568,1974,7,31,31,2,212,3,Summer,-0.8660254037844388,-0.22252093395631434
306,1974-10-31,1,0.0,1974,10,31,44,3,304,4,Fall,0.5000000000000001,-0.900968867902419
307,1974-10-31,2,0.0,1974,10,31,44,3,304,4,Fall,0.5000000000000001,-0.900968867902419
308,1974-10-31,0,0.0,1974,10,31,44,3,304,4,Fall,0.5000000000000001,-0.900968867902419
309,1975-01-31,2,1.0,1975,1,31,5,4,31,1,Winter,0.8660254037844387,-0.9009688679024191
310,1975-01-31,0,5.599999904632568,1975,1,31,5,4,31,1,Winter,0.8660254037844387,-0.9009688679024191
311,1975-01-31,1,0.0,1975,1,31,5,4,31,1,Winter,0.8660254037844387,-0.9009688679024191
312,1975-04-30,0,-3.0999999046325684,1975,4,30,18,2,120,2,Spring,-0.4999999999999998,-0.22252093395631434
313,1975-04-30,1,0.1000000014901161,1975,4,30,18,2,120,2,Spring,-0.4999999999999998,-0.22252093395631434
314,1975-04-30,2,-0.8999999985098839,1975,4,30,18,2,120,2,Spring,-0.4999999999999998,-0.22252093395631434
315,1975-07-31,0,-2.5,1975,7,31,31,3,212,3,Summer,-0.8660254037844388,-0.900968867902419
316,1975-07-31,1,-0.1000000014901161,1975,7,31,31,3,212,3,Summer,-0.8660254037844388,-0.900968867902419
317,1975-07-31,2,-0.1000000014901161,1975,7,31,31,3,212,3,Summer,-0.8660254037844388,-0.900968867902419
318,1975-10-31,1,0.0,1975,10,31,44,4,304,4,Fall,0.5000000000000001,-0.9009688679024191
319,1975-10-31,2,0.0,1975,10,31,44,4,304,4,Fall,0.5000000000000001,-0.9009688679024191
320,1975-10-31,0,0.0,1975,10,31,44,4,304,4,Fall,0.5000000000000001,-0.9009688679024191
321,1976-01-31,2,0.1000000014901161,1976,1,31,5,5,31,1,Winter,0.8660254037844387,-0.2225209339563146
322,1976-01-31,0,4.700000286102295,1976,1,31,5,5,31,1,Winter,0.8660254037844387,-0.2225209339563146
323,1976-01-31,1,0.0,1976,1,31,5,5,31,1,Winter,0.8660254037844387,-0.2225209339563146
324,1976-04-30,2,-0.1000000014901161,1976,4,30,18,4,121,2,Spring,-0.4999999999999998,-0.9009688679024191
325,1976-04-30,0,-2.300000190734863,1976,4,30,18,4,121,2,Spring,-0.4999999999999998,-0.9009688679024191
326,1976-04-30,1,0.0,1976,4,30,18,4,121,2,Spring,-0.4999999999999998,-0.9009688679024191
327,1976-07-31,2,0.0,1976,7,31,31,5,213,3,Summer,-0.8660254037844388,-0.2225209339563146
328,1976-07-31,1,0.0,1976,7,31,31,5,213,3,Summer,-0.8660254037844388,-0.2225209339563146
329,1976-07-31,0,-2.400000095367432,1976,7,31,31,5,213,3,Summer,-0.8660254037844388,-0.2225209339563146
330,1976-10-31,1,0.0,1976,10,31,44,6,305,4,Fall,0.5000000000000001,0.6234898018587334
331,1976-10-31,0,0.0,1976,10,31,44,6,305,4,Fall,0.5000000000000001,0.6234898018587334
332,1976-10-31,2,0.0,1976,10,31,44,6,305,4,Fall,0.5000000000000001,0.6234898018587334
333,1977-01-31,1,0.0,1977,1,31,5,0,31,1,Winter,0.8660254037844387,1.0
334,1977-01-31,0,0.1000000014901161,1977,1,31,5,0,31,1,Winter,0.8660254037844387,1.0
335,1977-01-31,2,0.0,1977,1,31,5,0,31,1,Winter,0.8660254037844387,1.0
336,1977-04-30,1,0.0,1977,4,30,17,5,120,2,Spring,-0.4999999999999998,-0.2225209339563146
337,1977-04-30,0,1.1000000461935997,1977,4,30,17,5,120,2,Spring,-0.4999999999999998,-0.2225209339563146
338,1977-04-30,2,0.0,1977,4,30,17,5,120,2,Spring,-0.4999999999999998,-0.2225209339563146
339,1977-07-31,1,0.0,1977,7,31,30,6,212,3,Summer,-0.8660254037844388,0.6234898018587334
340,1977-07-31,0,-1.2000000476837158,1977,7,31,30,6,212,3,Summer,-0.8660254037844388,0.6234898018587334
341,1977-07-31,2,0.0,1977,7,31,30,6,212,3,Summer,-0.8660254037844388,0.6234898018587334
342,1977-10-31,0,0.0,1977,10,31,44,0,304,4,Fall,0.5000000000000001,1.0
343,1977-10-31,2,0.0,1977,10,31,44,0,304,4,Fall,0.5000000000000001,1.0
344,1977-10-31,1,0.0,1977,10,31,44,0,304,4,Fall,0.5000000000000001,1.0
345,1978-01-31,2,0.800000011920929,1978,1,31,5,1,31,1,Winter,0.8660254037844387,0.6234898018587336
346,1978-01-31,0,5.5,1978,1,31,5,1,31,1,Winter,0.8660254037844387,0.6234898018587336
347,1978-01-31,1,0.3000000119209289,1978,1,31,5,1,31,1,Winter,0.8660254037844387,0.6234898018587336
348,1978-04-30,2,-0.6000000089406967,1978,4,30,17,6,120,2,Spring,-0.4999999999999998,0.6234898018587334
349,1978-04-30,0,-3.600000023841858,1978,4,30,17,6,120,2,Spring,-0.4999999999999998,0.6234898018587334
350,1978-04-30,1,-0.20000001043081278,1978,4,30,17,6,120,2,Spring,-0.4999999999999998,0.6234898018587334
351,1978-07-31,0,-1.899999976158142,1978,7,31,31,0,212,3,Summer,-0.8660254037844388,1.0
352,1978-07-31,1,-0.1000000014901161,1978,7,31,31,0,212,3,Summer,-0.8660254037844388,1.0
353,1978-07-31,2,-0.2000000029802322,1978,7,31,31,0,212,3,Summer,-0.8660254037844388,1.0
354,1978-10-31,1,0.0,1978,10,31,44,1,304,4,Fall,0.5000000000000001,0.6234898018587336
355,1978-10-31,2,0.0,1978,10,31,44,1,304,4,Fall,0.5000000000000001,0.6234898018587336
356,1978-10-31,0,0.2000000029802322,1978,10,31,44,1,304,4,Fall,0.5000000000000001,0.6234898018587336
357,1979-01-31,1,0.0,1979,1,31,5,2,31,1,Winter,0.8660254037844387,-0.22252093395631434
358,1979-01-31,2,0.0,1979,1,31,5,2,31,1,Winter,0.8660254037844387,-0.22252093395631434
359,1979-01-31,0,0.6000000089406967,1979,1,31,5,2,31,1,Winter,0.8660254037844387,-0.22252093395631434
360,1979-04-30,1,0.1000000014901161,1979,4,30,18,0,120,2,Spring,-0.4999999999999998,1.0
361,1979-04-30,0,2.199999988079071,1979,4,30,18,0,120,2,Spring,-0.4999999999999998,1.0
362,1979-04-30,2,0.0,1979,4,30,18,0,120,2,Spring,-0.4999999999999998,1.0
363,1979-07-31,0,-3.0,1979,7,31,31,1,212,3,Summer,-0.8660254037844388,0.6234898018587336
364,1979-07-31,1,-0.1000000014901161,1979,7,31,31,1,212,3,Summer,-0.8660254037844388,0.6234898018587336
365,1979-07-31,2,0.0,1979,7,31,31,1,212,3,Summer,-0.8660254037844388,0.6234898018587336
366,1979-10-31,0,0.0,1979,10,31,44,2,304,4,Fall,0.5000000000000001,-0.22252093395631434
367,1979-10-31,1,0.0,1979,10,31,44,2,304,4,Fall,0.5000000000000001,-0.22252093395631434
368,1979-10-31,2,0.0,1979,10,31,44,2,304,4,Fall,0.5000000000000001,-0.22252093395631434
369,1980-01-31,1,0.0,1980,1,31,5,3,31,1,Winter,0.8660254037844387,-0.900968867902419
370,1980-01-31,2,0.1000000014901161,1980,1,31,5,3,31,1,Winter,0.8660254037844387,-0.900968867902419
371,1980-01-31,0,2.700000047683716,1980,1,31,5,3,31,1,Winter,0.8660254037844387,-0.900968867902419
372,1980-04-30,2,0.0,1980,4,30,18,2,121,2,Spring,-0.4999999999999998,-0.22252093395631434
373,1980-04-30,0,-0.20000004768371582,1980,4,30,18,2,121,2,Spring,-0.4999999999999998,-0.22252093395631434
374,1980-04-30,1,0.0,1980,4,30,18,2,121,2,Spring,-0.4999999999999998,-0.22252093395631434
375,1980-07-31,2,-0.1000000014901161,1980,7,31,31,3,213,3,Summer,-0.8660254037844388,-0.900968867902419
376,1980-07-31,0,-2.5,1980,7,31,31,3,213,3,Summer,-0.8660254037844388,-0.900968867902419
377,1980-07-31,1,0.0,1980,7,31,31,3,213,3,Summer,-0.8660254037844388,-0.900968867902419
378,1980-10-31,0,0.0,1980,10,31,44,4,305,4,Fall,0.5000000000000001,-0.9009688679024191
379,1980-10-31,1,0.0,1980,10,31,44,4,305,4,Fall,0.5000000000000001,-0.9009688679024191
380,1980-10-31,2,0.0,1980,10,31,44,4,305,4,Fall,0.5000000000000001,-0.9009688679024191
381,1981-01-31,1,0.0,1981,1,31,5,5,31,1,Winter,0.8660254037844387,-0.2225209339563146
382,1981-01-31,2,0.2000000029802322,1981,1,31,5,5,31,1,Winter,0.8660254037844387,-0.2225209339563146
383,1981-01-31,0,2.6000001430511475,1981,1,31,5,5,31,1,Winter,0.8660254037844387,-0.2225209339563146
384,1981-04-30,1,0.0,1981,4,30,18,3,120,2,Spring,-0.4999999999999998,-0.900968867902419
385,1981-04-30,2,-0.2000000029802322,1981,4,30,18,3,120,2,Spring,-0.4999999999999998,-0.900968867902419
386,1981-04-30,0,-0.800000071525574,1981,4,30,18,3,120,2,Spring,-0.4999999999999998,-0.900968867902419
387,1981-07-31,2,0.1000000014901161,1981,7,31,31,4,212,3,Summer,-0.8660254037844388,-0.9009688679024191
388,1981-07-31,0,-1.400000065565109,1981,7,31,31,4,212,3,Summer,-0.8660254037844388,-0.9009688679024191
389,1981-07-31,1,0.0,1981,7,31,31,4,212,3,Summer,-0.8660254037844388,-0.9009688679024191
390,1981-10-31,0,-0.4000000059604645,1981,10,31,44,5,304,4,Fall,0.5000000000000001,-0.2225209339563146
391,1981-10-31,1,0.0,1981,10,31,44,5,304,4,Fall,0.5000000000000001,-0.2225209339563146
392,1981-10-31,2,-0.1000000014901161,1981,10,31,44,5,304,4,Fall,0.5000000000000001,-0.2225209339563146
393,1982-01-31,0,6.5,1982,1,31,4,6,31,1,Winter,0.8660254037844387,0.6234898018587334
394,1982-01-31,1,0.2000000029802322,1982,1,31,4,6,31,1,Winter,0.8660254037844387,0.6234898018587334
395,1982-01-31,2,0.699999988079071,1982,1,31,4,6,31,1,Winter,0.8660254037844387,0.6234898018587334
396,1982-04-30,0,-3.5,1982,4,30,17,4,120,2,Spring,-0.4999999999999998,-0.9009688679024191
397,1982-04-30,2,-0.699999988079071,1982,4,30,17,4,120,2,Spring,-0.4999999999999998,-0.9009688679024191
398,1982-04-30,1,-0.2000000029802322,1982,4,30,17,4,120,2,Spring,-0.4999999999999998,-0.9009688679024191
399,1982-07-31,2,0.0,1982,7,31,30,5,212,3,Summer,-0.8660254037844388,-0.2225209339563146
400,1982-07-31,1,0.0,1982,7,31,30,5,212,3,Summer,-0.8660254037844388,-0.2225209339563146
401,1982-07-31,0,-3.0,1982,7,31,30,5,212,3,Summer,-0.8660254037844388,-0.2225209339563146
402,1982-10-31,2,0.0,1982,10,31,43,6,304,4,Fall,0.5000000000000001,0.6234898018587334
403,1982-10-31,1,0.0,1982,10,31,43,6,304,4,Fall,0.5000000000000001,0.6234898018587334
404,1982-10-31,0,0.1000000014901161,1982,10,31,43,6,304,4,Fall,0.5000000000000001,0.6234898018587334
405,1983-01-31,2,0.4000000059604645,1983,1,31,5,0,31,1,Winter,0.8660254037844387,1.0
406,1983-01-31,1,0.0,1983,1,31,5,0,31,1,Winter,0.8660254037844387,1.0
407,1983-01-31,0,4.200000189244747,1983,1,31,5,0,31,1,Winter,0.8660254037844387,1.0
408,1983-04-30,2,0.29999998211860657,1983,4,30,17,5,120,2,Spring,-0.4999999999999998,-0.2225209339563146
409,1983-04-30,1,0.699999988079071,1983,4,30,17,5,120,2,Spring,-0.4999999999999998,-0.2225209339563146
410,1983-04-30,0,-0.20000028610229492,1983,4,30,17,5,120,2,Spring,-0.4999999999999998,-0.2225209339563146
411,1983-07-31,2,-0.5999999865889549,1983,7,31,30,6,212,3,Summer,-0.8660254037844388,0.6234898018587334
412,1983-07-31,0,-3.7999998927116394,1983,7,31,30,6,212,3,Summer,-0.8660254037844388,0.6234898018587334
413,1983-07-31,1,-0.699999988079071,1983,7,31,30,6,212,3,Summer,-0.8660254037844388,0.6234898018587334
414,1983-10-31,1,0.0,1983,10,31,44,0,304,4,Fall,0.5000000000000001,1.0
415,1983-10-31,2,-0.1000000014901161,1983,10,31,44,0,304,4,Fall,0.5000000000000001,1.0
416,1983-10-31,0,-0.3000000119209289,1983,10,31,44,0,304,4,Fall,0.5000000000000001,1.0
417,1984-01-31,0,5.700000286102295,1984,1,31,5,1,31,1,Winter,0.8660254037844387,0.6234898018587336
418,1984-01-31,1,0.699999988079071,1984,1,31,5,1,31,1,Winter,0.8660254037844387,0.6234898018587336
419,1984-01-31,2,0.800000011920929,1984,1,31,5,1,31,1,Winter,0.8660254037844387,0.6234898018587336
420,1984-04-30,2,-0.30000001192092896,1984,4,30,18,0,121,2,Spring,-0.4999999999999998,1.0
421,1984-04-30,0,-2.1000001430511475,1984,4,30,18,0,121,2,Spring,-0.4999999999999998,1.0
422,1984-04-30,1,-0.5999999865889549,1984,4,30,18,0,121,2,Spring,-0.4999999999999998,1.0
423,1984-07-31,0,-3.6000001430511475,1984,7,31,31,1,213,3,Summer,-0.8660254037844388,0.6234898018587336
424,1984-07-31,1,-0.1000000014901161,1984,7,31,31,1,213,3,Summer,-0.8660254037844388,0.6234898018587336
425,1984-07-31,2,-0.5,1984,7,31,31,1,213,3,Summer,-0.8660254037844388,0.6234898018587336
426,1984-10-31,0,0.0,1984,10,31,44,2,305,4,Fall,0.5000000000000001,-0.22252093395631434
427,1984-10-31,1,0.0,1984,10,31,44,2,305,4,Fall,0.5000000000000001,-0.22252093395631434
428,1984-10-31,2,0.0,1984,10,31,44,2,305,4,Fall,0.5000000000000001,-0.22252093395631434
429,1985-01-31,2,0.0,1985,1,31,5,3,31,1,Winter,0.8660254037844387,-0.900968867902419
430,1985-01-31,0,1.899999976158142,1985,1,31,5,3,31,1,Winter,0.8660254037844387,-0.900968867902419
431,1985-01-31,1,0.0,1985,1,31,5,3,31,1,Winter,0.8660254037844387,-0.900968867902419
432,1985-04-30,0,-0.7999999523162842,1985,4,30,18,1,120,2,Spring,-0.4999999999999998,0.6234898018587336
433,1985-04-30,2,0.0,1985,4,30,18,1,120,2,Spring,-0.4999999999999998,0.6234898018587336
434,1985-04-30,1,0.0,1985,4,30,18,1,120,2,Spring,-0.4999999999999998,0.6234898018587336
435,1985-07-31,2,0.0,1985,7,31,31,2,212,3,Summer,-0.8660254037844388,-0.22252093395631434
436,1985-07-31,0,-1.100000023841858,1985,7,31,31,2,212,3,Summer,-0.8660254037844388,-0.22252093395631434
437,1985-07-31,1,0.0,1985,7,31,31,2,212,3,Summer,-0.8660254037844388,-0.22252093395631434
438,1985-10-31,2,0.0,1985,10,31,44,3,304,4,Fall,0.5000000000000001,-0.900968867902419
439,1985-10-31,1,0.0,1985,10,31,44,3,304,4,Fall,0.5000000000000001,-0.900968867902419
440,1985-10-31,0,0.1000000014901161,1985,10,31,44,3,304,4,Fall,0.5000000000000001,-0.900968867902419
441,1986-01-31,0,2.199999950826168,1986,1,31,5,4,31,1,Winter,0.8660254037844387,-0.9009688679024191
442,1986-01-31,2,0.0,1986,1,31,5,4,31,1,Winter,0.8660254037844387,-0.9009688679024191
443,1986-01-31,1,0.0,1986,1,31,5,4,31,1,Winter,0.8660254037844387,-0.9009688679024191
444,1986-04-30,1,0.0,1986,4,30,18,2,120,2,Spring,-0.4999999999999998,-0.22252093395631434
445,1986-04-30,2,0.1000000014901161,1986,4,30,18,2,120,2,Spring,-0.4999999999999998,-0.22252093395631434
446,1986-04-30,0,0.1000001430511479,1986,4,30,18,2,120,2,Spring,-0.4999999999999998,-0.22252093395631434
447,1986-07-31,1,0.0,1986,7,31,31,3,212,3,Summer,-0.8660254037844388,-0.900968867902419
448,1986-07-31,2,-0.1000000014901161,1986,7,31,31,3,212,3,Summer,-0.8660254037844388,-0.900968867902419
449,1986-07-31,0,-2.400000095367432,1986,7,31,31,3,212,3,Summer,-0.8660254037844388,-0.900968867902419
450,1986-10-31,2,0.0,1986,10,31,44,4,304,4,Fall,0.5000000000000001,-0.9009688679024191
451,1986-10-31,0,0.0,1986,10,31,44,4,304,4,Fall,0.5000000000000001,-0.9009688679024191
452,1986-10-31,1,0.0,1986,10,31,44,4,304,4,Fall,0.5000000000000001,-0.9009688679024191
453,1987-01-31,0,3.299999952316284,1987,1,31,5,5,31,1,Winter,0.8660254037844387,-0.2225209339563146
454,1987-01-31,1,0.0,1987,1,31,5,5,31,1,Winter,0.8660254037844387,-0.2225209339563146
455,1987-01-31,2,0.1000000014901161,1987,1,31,5,5,31,1,Winter,0.8660254037844387,-0.2225209339563146
456,1987-04-30,0,-1.5999999046325684,1987,4,30,18,3,120,2,Spring,-0.4999999999999998,-0.900968867902419
457,1987-04-30,1,0.0,1987,4,30,18,3,120,2,Spring,-0.4999999999999998,-0.900968867902419
458,1987-04-30,2,-0.1000000014901161,1987,4,30,18,3,120,2,Spring,-0.4999999999999998,-0.900968867902419
459,1987-07-31,1,0.0,1987,7,31,31,4,212,3,Summer,-0.8660254037844388,-0.9009688679024191
460,1987-07-31,2,0.0,1987,7,31,31,4,212,3,Summer,-0.8660254037844388,-0.9009688679024191
461,1987-07-31,0,-1.7000000476837158,1987,7,31,31,4,212,3,Summer,-0.8660254037844388,-0.9009688679024191
462,1987-10-31,2,0.0,1987,10,31,44,5,304,4,Fall,0.5000000000000001,-0.2225209339563146
463,1987-10-31,1,0.0,1987,10,31,44,5,304,4,Fall,0.5000000000000001,-0.2225209339563146
464,1987-10-31,0,0.0,1987,10,31,44,5,304,4,Fall,0.5000000000000001,-0.2225209339563146
465,1988-01-31,2,0.0,1988,1,31,4,6,31,1,Winter,0.8660254037844387,0.6234898018587334
466,1988-01-31,0,2.900000095367432,1988,1,31,4,6,31,1,Winter,0.8660254037844387,0.6234898018587334
467,1988-01-31,1,0.0,1988,1,31,4,6,31,1,Winter,0.8660254037844387,0.6234898018587334
468,1988-04-30,0,-1.900000095367432,1988,4,30,17,5,121,2,Spring,-0.4999999999999998,-0.2225209339563146
469,1988-04-30,1,0.0,1988,4,30,17,5,121,2,Spring,-0.4999999999999998,-0.2225209339563146
470,1988-04-30,2,0.0,1988,4,30,17,5,121,2,Spring,-0.4999999999999998,-0.2225209339563146
471,1988-07-31,2,0.0,1988,7,31,30,6,213,3,Summer,-0.8660254037844388,0.6234898018587334
472,1988-07-31,0,-1.0,1988,7,31,30,6,213,3,Summer,-0.8660254037844388,0.6234898018587334
473,1988-07-31,1,0.0,1988,7,31,30,6,213,3,Summer,-0.8660254037844388,0.6234898018587334
474,1988-10-31,1,0.0,1988,10,31,44,0,305,4,Fall,0.5000000000000001,1.0
475,1988-10-31,2,0.0,1988,10,31,44,0,305,4,Fall,0.5000000000000001,1.0
476,1988-10-31,0,0.0,1988,10,31,44,0,305,4,Fall,0.5000000000000001,1.0
477,1989-01-31,1,0.1000000014901161,1989,1,31,5,1,31,1,Winter,0.8660254037844387,0.6234898018587336
478,1989-01-31,0,6.0,1989,1,31,5,1,31,1,Winter,0.8660254037844387,0.6234898018587336
479,1989-01-31,2,0.5,1989,1,31,5,1,31,1,Winter,0.8660254037844387,0.6234898018587336
480,1989-04-30,2,-0.3999999985098839,1989,4,30,17,6,120,2,Spring,-0.4999999999999998,0.6234898018587334
481,1989-04-30,0,-3.5,1989,4,30,17,6,120,2,Spring,-0.4999999999999998,0.6234898018587334
482,1989-04-30,1,-0.1000000014901161,1989,4,30,17,6,120,2,Spring,-0.4999999999999998,0.6234898018587334
483,1989-07-31,0,-2.5,1989,7,31,31,0,212,3,Summer,-0.8660254037844388,1.0
484,1989-07-31,1,0.0,1989,7,31,31,0,212,3,Summer,-0.8660254037844388,1.0
485,1989-07-31,2,-0.1000000014901161,1989,7,31,31,0,212,3,Summer,-0.8660254037844388,1.0
486,1989-10-31,1,0.0,1989,10,31,44,1,304,4,Fall,0.5000000000000001,0.6234898018587336
487,1989-10-31,0,0.0,1989,10,31,44,1,304,4,Fall,0.5000000000000001,0.6234898018587336
488,1989-10-31,2,0.0,1989,10,31,44,1,304,4,Fall,0.5000000000000001,0.6234898018587336
489,1990-01-31,2,0.1000000014901161,1990,1,31,5,2,31,1,Winter,0.8660254037844387,-0.22252093395631434
490,1990-01-31,1,0.0,1990,1,31,5,2,31,1,Winter,0.8660254037844387,-0.22252093395631434
491,1990-01-31,0,2.200000047683716,1990,1,31,5,2,31,1,Winter,0.8660254037844387,-0.22252093395631434
492,1990-04-30,1,0.0,1990,4,30,18,0,120,2,Spring,-0.4999999999999998,1.0
493,1990-04-30,0,-0.8000000715255737,1990,4,30,18,0,120,2,Spring,-0.4999999999999998,1.0
494,1990-04-30,2,-0.1000000014901161,1990,4,30,18,0,120,2,Spring,-0.4999999999999998,1.0
495,1990-07-31,1,0.0,1990,7,31,31,1,212,3,Summer,-0.8660254037844388,0.6234898018587336
496,1990-07-31,0,-1.399999976158142,1990,7,31,31,1,212,3,Summer,-0.8660254037844388,0.6234898018587336
497,1990-07-31,2,0.0,1990,7,31,31,1,212,3,Summer,-0.8660254037844388,0.6234898018587336
498,1990-10-31,1,0.0,1990,10,31,44,2,304,4,Fall,0.5000000000000001,-0.22252093395631434
499,1990-10-31,0,0.0,1990,10,31,44,2,304,4,Fall,0.5000000000000001,-0.22252093395631434
500,1990-10-31,2,0.0,1990,10,31,44,2,304,4,Fall,0.5000000000000001,-0.22252093395631434
501,1991-01-31,2,0.1000000014901161,1991,1,31,5,3,31,1,Winter,0.8660254037844387,-0.900968867902419
502,1991-01-31,0,3.0,1991,1,31,5,3,31,1,Winter,0.8660254037844387,-0.900968867902419
503,1991-01-31,1,0.0,1991,1,31,5,3,31,1,Winter,0.8660254037844387,-0.900968867902419
504,1991-04-30,1,0.0,1991,4,30,18,1,120,2,Spring,-0.4999999999999998,0.6234898018587336
505,1991-04-30,0,-0.7999999523162842,1991,4,30,18,1,120,2,Spring,-0.4999999999999998,0.6234898018587336
506,1991-04-30,2,-0.1000000014901161,1991,4,30,18,1,120,2,Spring,-0.4999999999999998,0.6234898018587336
507,1991-07-31,2,0.0,1991,7,31,31,2,212,3,Summer,-0.8660254037844388,-0.22252093395631434
508,1991-07-31,0,-2.200000047683716,1991,7,31,31,2,212,3,Summer,-0.8660254037844388,-0.22252093395631434
509,1991-07-31,1,0.0,1991,7,31,31,2,212,3,Summer,-0.8660254037844388,-0.22252093395631434
510,1991-10-31,0,0.0,1991,10,31,44,3,304,4,Fall,0.5000000000000001,-0.900968867902419
511,1991-10-31,1,0.0,1991,10,31,44,3,304,4,Fall,0.5000000000000001,-0.900968867902419
512,1991-10-31,2,0.0,1991,10,31,44,3,304,4,Fall,0.5000000000000001,-0.900968867902419
513,1992-01-31,1,0.0,1992,1,31,5,4,31,1,Winter,0.8660254037844387,-0.9009688679024191
514,1992-01-31,2,0.3000000119209289,1992,1,31,5,4,31,1,Winter,0.8660254037844387,-0.9009688679024191
515,1992-01-31,0,3.799999952316284,1992,1,31,5,4,31,1,Winter,0.8660254037844387,-0.9009688679024191
516,1992-04-30,1,0.0,1992,4,30,18,3,121,2,Spring,-0.4999999999999998,-0.900968867902419
517,1992-04-30,2,-0.3000000119209289,1992,4,30,18,3,121,2,Spring,-0.4999999999999998,-0.900968867902419
518,1992-04-30,0,-2.6999999284744263,1992,4,30,18,3,121,2,Spring,-0.4999999999999998,-0.900968867902419
519,1992-07-31,1,0.0,1992,7,31,31,4,213,3,Summer,-0.8660254037844388,-0.9009688679024191
520,1992-07-31,0,-1.100000023841858,1992,7,31,31,4,213,3,Summer,-0.8660254037844388,-0.9009688679024191
521,1992-07-31,2,0.0,1992,7,31,31,4,213,3,Summer,-0.8660254037844388,-0.9009688679024191
522,1992-10-31,0,0.0,1992,10,31,44,5,305,4,Fall,0.5000000000000001,-0.2225209339563146
523,1992-10-31,2,0.0,1992,10,31,44,5,305,4,Fall,0.5000000000000001,-0.2225209339563146
524,1992-10-31,1,0.0,1992,10,31,44,5,305,4,Fall,0.5000000000000001,-0.2225209339563146
525,1993-01-31,1,0.3000000119209289,1993,1,31,4,6,31,1,Winter,0.8660254037844387,0.6234898018587334
526,1993-01-31,0,3.400000095367432,1993,1,31,4,6,31,1,Winter,0.8660254037844387,0.6234898018587334
527,1993-01-31,2,0.3000000119209289,1993,1,31,4,6,31,1,Winter,0.8660254037844387,0.6234898018587334
528,1993-04-30,0,-1.2999999523162846,1993,4,30,17,4,120,2,Spring,-0.4999999999999998,-0.9009688679024191
529,1993-04-30,1,0.0,1993,4,30,17,4,120,2,Spring,-0.4999999999999998,-0.9009688679024191
530,1993-04-30,2,-0.3000000119209289,1993,4,30,17,4,120,2,Spring,-0.4999999999999998,-0.9009688679024191
531,1993-07-31,0,-1.4000001549720764,1993,7,31,30,5,212,3,Summer,-0.8660254037844388,-0.2225209339563146
532,1993-07-31,1,-0.3000000119209289,1993,7,31,30,5,212,3,Summer,-0.8660254037844388,-0.2225209339563146
533,1993-07-31,2,0.3000000119209289,1993,7,31,30,5,212,3,Summer,-0.8660254037844388,-0.2225209339563146
534,1993-10-31,1,0.0,1993,10,31,43,6,304,4,Fall,0.5000000000000001,0.6234898018587334
535,1993-10-31,0,-0.699999988079071,1993,10,31,43,6,304,4,Fall,0.5000000000000001,0.6234898018587334
536,1993-10-31,2,-0.3000000119209289,1993,10,31,43,6,304,4,Fall,0.5000000000000001,0.6234898018587334
537,1994-01-31,2,0.0,1994,1,31,5,0,31,1,Winter,0.8660254037844387,1.0
538,1994-01-31,1,0.0,1994,1,31,5,0,31,1,Winter,0.8660254037844387,1.0
539,1994-01-31,0,0.699999988079071,1994,1,31,5,0,31,1,Winter,0.8660254037844387,1.0
540,1994-04-30,2,0.0,1994,4,30,17,5,120,2,Spring,-0.4999999999999998,-0.2225209339563146
541,1994-04-30,0,0.9000000357627869,1994,4,30,17,5,120,2,Spring,-0.4999999999999998,-0.2225209339563146
542,1994-04-30,1,0.0,1994,4,30,17,5,120,2,Spring,-0.4999999999999998,-0.2225209339563146
543,1994-07-31,2,0.0,1994,7,31,30,6,212,3,Summer,-0.8660254037844388,0.6234898018587334
544,1994-07-31,1,0.0,1994,7,31,30,6,212,3,Summer,-0.8660254037844388,0.6234898018587334
545,1994-07-31,0,-1.600000023841858,1994,7,31,30,6,212,3,Summer,-0.8660254037844388,0.6234898018587334
546,1994-10-31,2,0.0,1994,10,31,44,0,304,4,Fall,0.5000000000000001,1.0
547,1994-10-31,0,0.0,1994,10,31,44,0,304,4,Fall,0.5000000000000001,1.0
548,1994-10-31,1,0.0,1994,10,31,44,0,304,4,Fall,0.5000000000000001,1.0
549,1995-01-31,1,0.2000000029802322,1995,1,31,5,1,31,1,Winter,0.8660254037844387,0.6234898018587336
550,1995-01-31,0,6.400000095367432,1995,1,31,5,1,31,1,Winter,0.8660254037844387,0.6234898018587336
551,1995-01-31,2,0.800000011920929,1995,1,31,5,1,31,1,Winter,0.8660254037844387,0.6234898018587336
